Municipios,Año,Algodón a,Algodón b,Arroz a,Arroz,Frijol a,Frijol b,Maiz Tecnificado a,Maiz Tecnificado b,Maiz Tradicional a,Maiz Tradicional b,Sorgo a,Sorgo b,Soya a,Soya b,Tabaco a,Tabaco b
Cali,2019-01-01,0.0,,0.0,0.0,1.0,1.0,0.0,0.0,2.0,2.0,0.0,0.0,0.0,0.0,0.0,0.0
AlcalÃ¡,2019-01-01,0.0,,0.0,0.0,1.4,1.2,0.0,0.0,1.5,1.5,0.0,0.0,0.0,0.0,0.0,0.0
Andalucia,2019-01-01,0.0,,0.0,0.0,0.0,0.0,7.5,7.5,3.0,3.0,0.0,0.0,0.0,0.0,0.0,0.0
Ansermanuevo,2019-01-01,0.0,,0.0,4.0,1.5,1.33,7.0,8.0,2.0,2.0,0.0,0.0,0.0,3.5,0.0,0.0
Argelia,2019-01-01,0.0,,0.0,0.0,1.5,1.4,0.0,0.0,1.8,1.3,0.0,0.0,0.0,0.0,0.0,0.0
Bolivar,2019-01-01,0.0,,0.0,0.0,1.0,1.0,7.0,7.0,2.0,2.0,0.0,0.0,0.0,0.0,0.0,0.0
Buenaventura,2019-01-01,0.0,,1.0,0.0,0.0,0.0,0.0,0.0,7.0,0.0,0.0,0.0,0.0,0.0,0.0,0.0
Buga,2019-01-01,0.0,,5.5,5.5,1.0,1.0,7.0,7.0,1.8,1.8,0.0,0.0,0.0,0.0,0.0,0.0
Bugalagrande,2019-01-01,0.0,,0.0,0.0,0.9,0.9,7.5,7.5,3.0,3.0,0.0,0.0,0.0,0.0,0.0,0.0
Caicedonia,2019-01-01,0.0,,0.0,0.0,0.96,0.98,7.0,7.5,2.52,2.31,0.0,0.0,0.0,0.0,0.0,0.0
Calima DariÃ©n,2019-01-01,0.0,,0.0,0.0,1.0,1.0,0.0,0.0,2.0,2.0,0.0,0.0,0.0,0.0,0.0,0.0
Candelaria,2019-01-01,0.0,,0.0,0.0,0.0,0.0,8.0,8.0,0.0,0.0,0.0,0.0,0.0,0.0,0.0,0.0
Cartago,2019-01-01,0.0,,0.0,0.0,1.0,1.0,7.5,7.5,1.5,1.5,0.0,0.0,3.0,3.2,0.0,0.0
Dagua,2019-01-01,0.0,,0.0,0.0,2.94,2.5,0.0,0.0,2.79,2.0,0.0,0.0,0.0,0.0,0.0,0.0
El Aguila,2019-01-01,0.0,,0.0,0.0,1.4,1.4,0.0,0.0,4.0,10.0,0.0,0.0,0.0,0.0,0.0,0.0
El Cairo,2019-01-01,0.0,,0.0,0.0,1.0,1.0,0.0,0.0,1.0,1.0,0.0,0.0,0.0,0.0,0.0,0.0
El Cerrito,2019-01-01,0.0,,0.0,0.0,2.44,2.44,7.0,7.0,0.0,0.0,0.0,0.0,0.0,0.0,0.0,0.0
El Dovio,2019-01-01,0.0,,0.0,0.0,1.0,1.0,0.0,0.0,1.21,1.21,0.0,0.0,0.0,0.0,0.0,0.0
Florida,2019-01-01,0.0,,0.0,0.0,1.0,1.0,8.07,8.06,3.0,3.0,0.0,0.0,0.0,0.0,0.0,0.0
Ginebra,2019-01-01,0.0,,0.0,0.0,1.5,1.5,7.5,7.5,5.0,5.0,0.0,0.0,0.0,0.0,0.0,0.0
GuacarÃ­,2019-01-01,0.0,,0.0,0.0,1.5,1.5,7.0,8.0,2.5,3.0,0.0,0.0,0.0,0.0,0.0,0.0
JamundÃ­,2019-01-01,0.0,,5.5,5.5,1.0,1.0,0.0,0.0,1.5,1.5,0.0,0.0,0.0,0.0,0.0,0.0
La Cumbre,2019-01-01,0.0,,0.0,0.0,2.0,2.0,0.0,0.0,1.5,1.5,0.0,0.0,0.0,0.0,0.0,0.0
La UniÃ³n,2019-01-01,3.2,,0.0,0.0,0.0,0.0,5.0,5.0,2.5,2.5,0.0,0.0,0.0,0.0,0.0,0.0
La Victoria,2019-01-01,0.0,,0.0,0.0,1.0,1.0,7.0,7.0,2.0,2.0,0.0,0.0,3.0,3.0,0.0,0.0
Obando,2019-01-01,0.0,,0.0,0.0,1.7,1.8,8.0,8.0,8.0,8.0,0.0,0.0,3.0,1.8,0.0,0.0
Palmira,2019-01-01,0.0,,0.0,0.0,1.1,1.1,9.0,9.0,4.5,4.5,0.0,0.0,0.0,0.0,0.0,0.0
Pradera,2019-01-01,0.0,,0.0,0.0,2.0,2.0,0.0,0.0,5.0,5.0,0.0,0.0,0.0,0.0,0.0,0.0
Restrepo,2019-01-01,0.0,,0.0,0.0,1.26,2.11,4.0,4.0,1.78,1.78,0.0,0.0,0.0,0.0,0.0,0.0
RiofrÃ­o,2019-01-01,0.0,,0.0,0.0,2.5,2.69,8.0,5.5,3.0,3.0,0.0,0.0,0.0,0.0,0.0,0.0
Roldanillo,2019-01-01,5.0,,0.0,0.0,0.5,0.5,6.0,6.0,1.9,1.9,0.0,0.0,0.0,0.0,0.0,0.0
San Pedro,2019-01-01,0.0,,0.0,0.0,0.8,0.8,5.5,8.0,2.5,1.5,0.0,0.0,0.0,0.0,0.0,0.0
Sevilla,2019-01-01,0.0,,0.0,0.0,0.0,0.0,0.0,0.0,2.0,2.0,0.0,0.0,0.0,0.0,0.0,0.0
Toro,2019-01-01,0.0,,0.0,0.0,1.5,1.5,4.5,4.5,0.0,0.0,0.0,0.0,3.0,3.0,0.0,0.0
Trujillo,2019-01-01,0.0,,0.0,0.0,1.06,1.16,8.0,8.5,0.0,0.0,0.0,0.0,0.0,0.0,0.0,0.0
TuluÃ¡,2019-01-01,0.0,,0.0,0.0,1.22,1.0,5.0,5.0,2.0,2.5,0.0,0.0,0.0,0.0,0.0,0.0
Ulloa,2019-01-01,0.0,,0.0,0.0,1.5,0.0,0.0,0.0,3.0,3.0,0.0,0.0,0.0,0.0,0.0,0.0
Versalles,2019-01-01,0.0,,0.0,0.0,1.44,1.71,0.0,0.0,3.0,3.0,0.0,0.0,0.0,0.0,0.0,0.0
Vijes,2019-01-01,0.0,,0.0,0.0,0.7,0.8,14.0,13.0,1.5,1.6,0.0,0.0,0.0,0.0,0.0,0.0
Yotoco,2019-01-01,0.0,,0.0,0.0,1.01,0.91,8.5,8.5,1.5,1.5,0.0,0.0,0.0,0.0,0.0,0.0
Yumbo,2019-01-01,0.0,,0.0,0.0,1.0,1.0,7.0,7.0,3.0,3.0,0.0,0.0,0.0,0.0,0.0,0.0
Zarzal,2019-01-01,0.0,,7.0,7.0,0.0,0.0,7.0,7.0,0.0,0.0,0.0,0.0,2.8,2.8,0.0,0.0
Cali,2018-01-01,0.0,,0.0,0.0,13.0,14.0,0.0,0.0,34.0,38.0,0.0,0.0,0.0,0.0,0.0,0.0
AlcalÃ¡,2018-01-01,0.0,,0.0,0.0,1.2,1.2,0.0,0.0,2.1,2.1,0.0,0.0,0.0,0.0,0.0,0.0
Andalucia,2018-01-01,0.0,,0.0,0.0,0.0,0.0,7.5,7.5,3.0,3.0,0.0,0.0,0.0,0.0,0.0,0.0
Ansermanuevo,2018-01-01,0.0,,0.0,0.0,0.6,1.8,8.0,8.0,1.33,1.0,0.0,0.0,0.0,0.0,0.0,0.0
Argelia,2018-01-01,0.0,,0.0,0.0,1.5,2.0,0.0,0.0,1.5,1.5,0.0,0.0,0.0,0.0,0.0,0.0
Bolivar,2018-01-01,2.0,,0.0,5.0,1.0,1.0,7.0,7.0,2.0,2.0,0.0,0.0,0.0,0.0,0.0,0.0
Buenaventura,2018-01-01,0.0,,1.0,0.0,0.0,0.0,0.0,0.0,2.5,0.0,0.0,0.0,0.0,0.0,0.0,0.0
Buga,2018-01-01,0.0,,5.5,5.5,1.2,1.2,7.5,7.5,2.0,2.0,2.5,0.0,3.5,0.0,0.0,0.0
Bugalagrande,2018-01-01,0.0,,0.0,0.0,0.9,0.9,7.5,7.5,3.0,3.0,0.0,0.0,0.0,0.0,0.0,0.0
Caicedonia,2018-01-01,0.0,,0.0,0.0,0.95,0.98,7.0,8.0,2.13,2.33,0.0,0.0,3.4,3.4,0.0,0.0
Calima DariÃ©n,2018-01-01,0.0,,0.0,0.0,1.0,1.0,0.0,0.0,2.0,2.0,0.0,0.0,0.0,0.0,0.0,0.0
Candelaria,2018-01-01,0.0,,0.0,0.0,0.0,0.0,8.0,8.0,0.0,0.0,0.0,0.0,0.0,0.0,0.0,0.0
Cartago,2018-01-01,0.0,,0.0,0.0,1.0,1.0,7.5,7.2,1.5,1.5,0.0,0.0,3.0,3.0,0.0,0.0
Dagua,2018-01-01,0.0,,0.0,0.0,2.91,3.0,0.0,0.0,2.71,2.0,0.0,0.0,0.0,0.0,0.0,0.0
El Aguila,2018-01-01,0.0,,0.0,0.0,1.4,1.35,0.0,0.0,4.0,4.0,0.0,0.0,0.0,0.0,0.0,0.0
El Cairo,2018-01-01,0.0,,0.0,0.0,1.5,1.5,0.0,0.0,3.0,3.0,0.0,0.0,0.0,0.0,0.0,0.0
El Cerrito,2018-01-01,0.0,,0.0,0.0,2.9,3.23,7.0,7.0,0.0,0.0,0.0,0.0,0.0,0.0,0.0,0.0
El Dovio,2018-01-01,0.0,,0.0,0.0,1.0,1.0,0.0,0.0,1.21,1.2,0.0,0.0,0.0,0.0,0.0,0.0
Florida,2018-01-01,0.0,,0.0,0.0,1.0,1.0,8.0,8.0,3.0,3.0,0.0,0.0,0.0,0.0,0.0,0.0
Ginebra,2018-01-01,0.0,,0.0,0.0,1.5,1.5,7.0,7.5,2.0,5.0,0.0,0.0,0.0,0.0,0.0,0.0
GuacarÃ­,2018-01-01,0.0,,0.0,0.0,1.5,1.5,6.0,8.0,2.5,3.0,0.0,0.0,0.0,0.0,0.0,0.0
JamundÃ­,2018-01-01,0.0,,6.5,6.5,1.0,1.0,0.0,0.0,1.5,1.5,0.0,0.0,0.0,0.0,0.0,0.0
La Cumbre,2018-01-01,0.0,,0.0,0.0,1.1,1.1,0.0,0.0,1.5,1.5,0.0,0.0,0.0,0.0,0.0,0.0
La UniÃ³n,2018-01-01,3.2,,0.0,0.0,0.0,0.0,5.0,5.0,2.5,2.5,0.0,0.0,0.0,0.0,0.0,0.0
La Victoria,2018-01-01,0.0,,0.0,0.0,1.0,1.0,7.0,7.0,2.0,2.0,0.0,0.0,3.0,3.0,0.0,0.0
Obando,2018-01-01,0.0,,0.0,0.0,1.8,1.8,9.0,9.0,3.5,3.5,3.5,0.0,3.0,3.5,0.0,0.0
Palmira,2018-01-01,0.0,,0.0,0.0,1.1,1.1,9.0,9.0,4.5,4.5,0.0,0.0,0.0,0.0,0.0,0.0
Pradera,2018-01-01,0.0,,0.0,0.0,1.5,2.5,0.0,0.0,3.0,3.0,0.0,0.0,0.0,0.0,0.0,0.0
Restrepo,2018-01-01,0.0,,0.0,0.0,1.28,2.11,4.0,0.0,1.79,1.78,0.0,0.0,0.0,0.0,0.0,0.0
RiofrÃ­o,2018-01-01,0.0,,0.0,0.0,2.5,2.7,8.0,5.5,3.0,3.0,0.0,0.0,0.0,0.0,0.0,0.0
Roldanillo,2018-01-01,5.0,,0.0,0.0,0.5,0.5,6.0,6.0,1.9,1.9,0.0,0.0,0.0,0.0,0.0,0.0
San Pedro,2018-01-01,0.0,,0.0,0.0,0.75,1.8,5.5,8.0,1.5,2.5,0.0,0.0,2.5,0.0,0.0,0.0
Sevilla,2018-01-01,0.0,,0.0,0.0,3.0,0.0,0.0,0.0,2.0,0.0,0.0,0.0,0.0,0.0,0.0,0.0
Toro,2018-01-01,0.0,,0.0,0.0,1.5,1.5,4.5,4.5,0.0,0.0,0.0,0.0,3.0,3.0,0.0,0.0
Trujillo,2018-01-01,0.0,,0.0,0.0,1.15,1.21,8.5,8.0,0.0,0.0,0.0,0.0,0.0,0.0,0.0,0.0
TuluÃ¡,2018-01-01,0.0,,0.0,0.0,1.23,1.11,5.0,5.0,2.0,2.5,0.0,0.0,0.0,0.0,0.0,0.0
Ulloa,2018-01-01,0.0,,0.0,0.0,1.5,1.5,0.0,0.0,3.0,3.0,0.0,0.0,0.0,0.0,0.0,0.0
Versalles,2018-01-01,0.0,,0.0,0.0,1.72,1.63,0.0,0.0,3.0,3.0,0.0,0.0,0.0,0.0,0.0,0.0
Vijes,2018-01-01,0.0,,0.0,0.0,0.7,0.8,7.5,7.5,1.5,1.5,0.0,0.0,0.0,0.0,0.0,0.0
Yotoco,2018-01-01,0.0,,0.0,0.0,0.98,0.91,8.5,8.5,1.5,1.5,0.0,0.0,0.0,0.0,0.0,0.0
Yumbo,2018-01-01,0.0,,0.0,0.0,1.0,0.9,10.0,10.0,4.0,4.0,0.0,0.0,0.0,0.0,0.0,0.0
Zarzal,2018-01-01,0.0,,7.0,7.0,0.0,0.0,7.0,7.0,0.0,0.0,0.0,0.0,0.0,0.0,0.0,0.0
Cali,2017-01-01,0.0,,0.0,0.0,0.79,0.8,0.0,0.0,2.99,3.0,0.0,0.0,0.0,0.0,0.0,0.0
AlcalÃ¡,2017-01-01,0.0,,0.0,0.0,1.2,1.3,0.0,0.0,2.1,2.1,0.0,0.0,0.0,0.0,0.0,0.0
Andalucia,2017-01-01,0.0,,0.0,0.0,0.0,0.0,8.0,8.0,4.0,4.0,0.0,0.0,0.0,0.0,0.0,0.0
Ansermanuevo,2017-01-01,0.0,,5.5,5.5,1.11,1.12,0.0,0.0,1.5,2.0,0.0,0.0,0.0,0.0,0.0,0.0
Argelia,2017-01-01,0.0,,0.0,0.0,1.5,2.0,0.0,0.0,1.5,1.5,0.0,0.0,0.0,0.0,0.0,0.0
Bolivar,2017-01-01,0.0,,5.0,5.0,1.0,1.0,7.0,7.0,2.0,2.0,0.0,0.0,0.0,0.0,0.0,0.0
Buenaventura,2017-01-01,0.0,,2.0,2.0,0.0,0.0,0.0,0.0,2.5,2.5,0.0,0.0,0.0,0.0,0.0,0.0
Buga,2017-01-01,0.0,,6.0,6.0,2.0,0.0,7.0,7.5,3.0,3.0,4.5,4.5,2.5,2.5,0.0,0.0
Bugalagrande,2017-01-01,0.0,,0.0,0.0,0.9,0.9,7.5,7.5,3.0,3.0,0.0,0.0,0.0,0.0,0.0,0.0
Caicedonia,2017-01-01,0.0,,0.0,0.0,0.0,0.0,7.0,7.0,2.29,2.8,0.0,0.0,0.0,0.0,0.0,0.0
Calima DariÃ©n,2017-01-01,0.0,,0.0,0.0,1.0,1.5,0.0,0.0,1.5,2.0,0.0,0.0,0.0,0.0,0.0,0.0
Candelaria,2017-01-01,0.0,,0.0,0.0,0.0,0.0,8.0,8.0,0.0,0.0,0.0,0.0,0.0,0.0,0.0,0.0
Cartago,2017-01-01,0.0,,0.0,0.0,1.0,1.0,7.0,7.2,1.5,1.5,0.0,0.0,3.0,2.5,0.0,0.0
Dagua,2017-01-01,0.0,,0.0,0.0,2.0,1.0,0.0,0.0,3.23,1.8,0.0,0.0,0.0,0.0,0.0,0.0
El Aguila,2017-01-01,0.0,,0.0,0.0,1.41,1.3,0.0,0.0,3.8,3.8,0.0,0.0,0.0,0.0,0.0,0.0
El Cairo,2017-01-01,0.0,,0.0,0.0,0.0,1.0,0.0,0.0,0.0,1.5,0.0,0.0,0.0,0.0,0.0,0.0
El Cerrito,2017-01-01,0.0,,0.0,0.0,1.5,0.9,8.5,7.0,3.0,0.0,0.0,0.0,0.0,0.0,0.0,0.0
El Dovio,2017-01-01,0.0,,0.0,0.0,1.0,1.0,0.0,0.0,1.5,1.5,0.0,0.0,0.0,0.0,0.0,0.0
Florida,2017-01-01,0.0,,0.0,0.0,0.0,1.0,8.0,8.0,3.0,3.0,0.0,0.0,0.0,0.0,0.0,0.0
Ginebra,2017-01-01,0.0,,0.0,0.0,1.5,1.5,7.5,7.0,2.0,2.0,0.0,0.0,0.0,0.0,0.0,0.0
GuacarÃ­,2017-01-01,0.0,,0.0,0.0,2.0,2.0,7.0,7.0,3.0,3.0,0.0,0.0,0.0,0.0,0.0,0.0
JamundÃ­,2017-01-01,0.0,,7.0,6.5,1.0,1.2,0.0,0.0,0.8,1.5,0.0,0.0,0.0,0.0,0.0,0.0
La Cumbre,2017-01-01,0.0,,0.0,0.0,1.1,1.1,0.0,0.0,1.5,1.5,0.0,0.0,0.0,0.0,0.0,0.0
La UniÃ³n,2017-01-01,3.2,,0.0,0.0,1.0,1.0,8.5,8.5,2.5,2.5,0.0,0.0,0.0,0.0,0.0,0.0
La Victoria,2017-01-01,0.0,,0.0,0.0,1.0,1.0,7.0,6.0,2.0,2.0,0.0,0.0,3.0,3.0,0.0,0.0
Obando,2017-01-01,0.0,,0.0,0.0,1.0,1.0,9.0,8.0,4.0,4.0,3.0,0.0,3.5,3.5,0.0,0.0
Palmira,2017-01-01,0.0,,0.0,0.0,1.1,1.1,7.0,7.5,4.5,4.5,0.0,0.0,0.0,0.0,0.0,0.0
Pradera,2017-01-01,0.0,,0.0,0.0,2.5,2.5,0.0,0.0,3.0,3.0,0.0,0.0,0.0,0.0,0.0,0.0
Restrepo,2017-01-01,0.0,,0.0,0.0,1.27,2.13,4.0,6.0,1.8,1.76,0.0,0.0,0.0,0.0,0.0,0.0
RiofrÃ­o,2017-01-01,0.0,,0.0,0.0,2.5,3.33,8.0,8.0,3.0,3.0,0.0,0.0,0.0,0.0,0.0,0.0
Roldanillo,2017-01-01,5.0,,6.0,0.0,1.0,0.0,6.0,6.0,2.5,1.9,0.0,0.0,2.2,2.2,0.0,0.0
San Pedro,2017-01-01,0.0,,0.0,0.0,0.75,0.8,7.0,8.0,1.5,1.5,0.0,0.0,2.5,0.0,0.0,0.0
Sevilla,2017-01-01,0.0,,0.0,0.0,3.0,0.0,0.0,0.0,2.0,0.0,0.0,0.0,0.0,0.0,0.0,0.0
Toro,2017-01-01,0.0,,0.0,0.0,1.8,2.0,4.5,4.5,0.0,0.0,0.0,0.0,4.0,4.0,0.0,0.0
Trujillo,2017-01-01,0.0,,0.0,0.0,1.21,1.5,8.0,7.8,0.0,0.0,0.0,0.0,0.0,0.0,0.0,0.0
TuluÃ¡,2017-01-01,0.0,,0.0,0.0,1.24,1.11,7.5,7.5,2.5,2.5,0.0,0.0,0.0,0.0,0.0,0.0
Ulloa,2017-01-01,0.0,,0.0,0.0,0.9,1.5,0.0,0.0,2.3,1.0,0.0,0.0,0.0,0.0,0.0,0.0
Versalles,2017-01-01,0.0,,0.0,0.0,1.19,1.74,0.0,0.0,3.0,4.0,0.0,0.0,0.0,0.0,0.0,0.0
Vijes,2017-01-01,0.0,,0.0,0.0,0.8,0.8,15.0,14.0,1.8,1.8,0.0,0.0,0.0,0.0,0.0,0.0
Yotoco,2017-01-01,0.0,,0.0,0.0,0.89,0.87,8.5,8.5,1.5,1.5,0.0,0.0,0.0,0.0,0.0,0.0
Yumbo,2017-01-01,0.0,,0.0,0.0,1.0,1.0,10.0,10.0,6.0,4.0,0.0,0.0,0.0,0.0,0.0,0.0
Zarzal,2017-01-01,0.0,,7.0,7.0,0.0,0.0,7.0,7.5,0.0,0.0,0.0,0.0,2.8,3.0,0.0,0.0
Cali,2016-01-01,0.0,,0.0,0.0,0.8,0.8,0.0,0.0,3.0,3.5,0.0,0.0,0.0,0.0,0.0,0.0
AlcalÃ¡,2016-01-01,0.0,,0.0,0.0,3.0,3.0,0.0,0.0,3.0,3.0,0.0,0.0,0.0,0.0,0.0,0.0
Andalucia,2016-01-01,3.5,,0.0,0.0,0.0,0.0,7.0,7.0,3.5,3.5,0.0,0.0,0.0,0.0,0.0,0.0
Ansermanuevo,2016-01-01,0.0,,4.8,5.2,2.0,2.0,5.0,5.0,1.5,1.8,0.0,0.0,0.0,0.0,0.0,0.0
Argelia,2016-01-01,0.0,,0.0,0.0,1.5,1.5,3.0,5.0,1.5,1.5,0.0,0.0,0.0,0.0,0.0,0.0
Bolivar,2016-01-01,0.0,,5.0,5.0,1.0,1.0,7.0,7.0,2.0,2.0,0.0,0.0,0.0,0.0,0.0,0.0
Buenaventura,2016-01-01,0.0,,0.0,0.0,0.0,0.0,0.0,0.0,3.5,3.0,0.0,0.0,0.0,0.0,0.0,0.0
Buga,2016-01-01,0.0,,6.0,6.0,2.0,2.0,7.0,7.0,3.0,3.0,4.5,4.5,2.5,2.5,0.0,0.0
Bugalagrande,2016-01-01,3.8,,0.0,0.0,0.9,1.0,5.0,5.0,3.0,3.0,0.0,0.0,0.0,0.0,0.0,0.0
Caicedonia,2016-01-01,0.0,,0.0,0.0,0.6,0.6,8.0,8.0,3.9,3.9,0.0,0.0,0.0,0.0,0.0,0.0
Calima DariÃ©n,2016-01-01,0.0,,0.0,0.0,0.5,0.642857142857143,0.0,0.0,1.4,1.4,0.0,0.0,0.0,0.0,0.0,0.0
Candelaria,2016-01-01,0.0,,0.0,0.0,0.0,0.0,8.0,8.0,0.0,0.0,0.0,0.0,0.0,0.0,0.0,0.0
Cartago,2016-01-01,0.0,,0.0,0.0,0.8,0.8,7.3,7.7,1.5,1.5,0.0,0.0,2.5,2.6,0.0,0.0
El Aguila,2016-01-01,0.0,,0.0,0.0,4.25,4.25,0.0,0.0,4.0,5.0,0.0,0.0,0.0,0.0,0.0,0.0
El Cairo,2016-01-01,0.0,,0.0,0.0,3.0,3.0,0.0,0.0,3.2,3.0,0.0,0.0,0.0,0.0,0.0,0.0
El Cerrito,2016-01-01,0.0,,0.0,0.0,2.2,2.2,7.0,7.0,0.0,0.0,0.0,0.0,0.0,0.0,0.0,0.0
El Dovio,2016-01-01,0.0,,0.0,0.0,0.5,0.5,0.0,0.0,1.4,1.4,0.0,0.0,0.0,0.0,0.0,0.0
Florida,2016-01-01,0.0,,0.0,0.0,2.0,2.0,7.0,8.0,2.0,4.0,0.0,0.0,0.0,0.0,0.0,0.0
Ginebra,2016-01-01,0.0,,0.0,0.0,2.0,2.0,7.5,7.5,2.0,2.5,0.0,0.0,0.0,0.0,0.0,0.0
GuacarÃ­,2016-01-01,0.0,,0.0,0.0,3.0,3.0,5.0,5.0,2.0,3.0,0.0,0.0,0.0,0.0,0.0,0.0
JamundÃ­,2016-01-01,0.0,,7.0,7.0,1.5,2.0,0.0,0.0,1.0,1.0,0.0,0.0,0.0,0.0,0.0,0.0
La Cumbre,2016-01-01,0.0,,0.0,0.0,1.1,1.1,0.0,0.0,1.5,1.5,0.0,0.0,0.0,0.0,0.0,0.0
La UniÃ³n,2016-01-01,3.2,,0.0,0.0,1.5,1.5,5.0,5.0,2.5,2.5,0.0,0.0,0.0,0.0,0.0,0.0
La Victoria,2016-01-01,0.0,,0.0,0.0,1.0,1.0,5.0,5.0,2.0,2.0,0.0,0.0,2.0,2.0,0.0,0.0
Obando,2016-01-01,3.2,,0.0,0.0,0.8,0.9,7.0,7.3,1.6,2.0,0.0,0.0,2.7,3.0,0.0,0.0
Palmira,2016-01-01,4.0,,0.0,0.0,1.1,1.1,6.5,7.0,3.5,3.5,0.0,0.0,0.0,0.0,0.0,0.0
Pradera,2016-01-01,0.0,,0.0,0.0,2.5,10.0,0.0,0.0,3.0,3.0,0.0,0.0,0.0,0.0,0.0,0.0
RiofrÃ­o,2016-01-01,0.0,,0.0,0.0,3.2,2.5,6.0,7.5,3.0,3.0,0.0,0.0,0.0,0.0,0.0,0.0
Roldanillo,2016-01-01,5.0,,6.0,6.0,0.5,0.5,6.0,6.0,1.9,1.9,0.0,0.0,2.2,2.2,0.0,0.0
San Pedro,2016-01-01,0.0,,0.0,0.0,1.5,1.5,5.5,5.5,1.5,1.5,0.0,0.0,2.5,2.5,0.0,0.0
Sevilla,2016-01-01,0.0,,0.0,0.0,1.0,1.5,0.0,0.0,1.5,1.5,0.0,0.0,0.0,0.0,0.0,0.0
Toro,2016-01-01,4.0,,0.0,0.0,1.8,2.0,4.5,7.0,0.0,0.0,0.0,3.5,4.0,3.0,0.0,0.0
Trujillo,2016-01-01,0.0,,0.0,0.0,0.585714285714286,0.583333333333333,8.0,8.0,0.0,0.0,0.0,0.0,0.0,0.0,0.0,0.0
TuluÃ¡,2016-01-01,0.0,,0.0,0.0,1.1,1.0,7.0,5.5,3.2,3.0,0.0,0.0,0.0,0.0,0.0,0.0
Ulloa,2016-01-01,0.0,,0.0,0.0,0.0,0.0,0.0,0.0,2.5,2.5,0.0,0.0,0.0,0.0,0.0,0.0
Versalles,2016-01-01,0.0,,0.0,0.0,1.0,1.0,0.0,0.0,3.0,3.0,0.0,0.0,0.0,0.0,0.0,0.0
Vijes,2016-01-01,0.0,,0.0,0.0,2.8,2.5,0.0,0.0,3.0,2.8,0.0,0.0,0.0,0.0,0.0,0.0
Yotoco,2016-01-01,0.0,,0.0,0.0,1.0,1.5,7.5,7.5,1.6,1.6,0.0,0.0,0.0,0.0,0.0,0.0
Yumbo,2016-01-01,0.0,,0.0,0.0,1.0,1.0,0.0,0.0,3.0,3.0,0.0,0.0,0.0,0.0,0.0,0.0
Zarzal,2016-01-01,0.0,,7.0,7.0,0.0,0.0,5.8,5.5,0.0,0.0,2.0,2.5,2.8,3.0,0.0,0.0
Cali,2015-01-01,0.0,,0.0,0.0,0.7,0.75,0.0,0.0,3.5,3.5,0.0,0.0,0.0,0.0,0.0,0.0
AlcalÃ¡,2015-01-01,0.0,,0.0,0.0,0.0,0.0,0.0,0.0,3.0,2.0,0.0,0.0,0.0,0.0,0.0,0.0
Andalucia,2015-01-01,3.0,,0.0,0.0,0.0,0.0,7.5,7.0,2.0,2.0,0.0,0.0,0.0,0.0,0.0,0.0
Ansermanuevo,2015-01-01,0.0,,0.0,0.0,0.8,0.8,5.0,5.1,1.0,1.0,0.0,0.0,0.0,0.0,0.0,0.0
Argelia,2015-01-01,0.0,,0.0,0.0,1.5,1.0,5.0,4.0,1.5,1.0,0.0,0.0,0.0,0.0,0.0,0.0
Bolivar,2015-01-01,3.0,,0.0,5.0,1.0,1.0,7.0,6.0,2.0,2.0,0.0,0.0,0.0,0.0,0.0,0.0
Buenaventura,2015-01-01,0.0,,0.0,0.0,0.0,0.0,0.0,0.0,3.7,3.0,0.0,0.0,0.0,0.0,0.0,0.0
Buga,2015-01-01,0.0,,10.0,10.0,2.0,2.0,7.0,7.0,3.0,3.0,7.5,7.5,0.0,0.0,0.0,0.0
Bugalagrande,2015-01-01,4.5,,0.0,0.0,0.9,0.9,7.0,7.0,3.0,3.0,0.0,0.0,0.0,0.0,2.0,2.0
Caicedonia,2015-01-01,0.0,,0.0,0.0,0.6,0.4,8.0,8.0,1.5,1.2,0.0,0.0,2.2,2.2,0.0,0.0
Calima DariÃ©n,2015-01-01,0.0,,0.0,0.0,0.3,0.3,0.0,0.0,1.4,1.4,0.0,0.0,0.0,0.0,0.0,0.0
Candelaria,2015-01-01,0.0,,0.0,0.0,0.0,0.0,8.0,8.0,0.0,0.0,0.0,0.0,0.0,0.0,0.0,0.0
Cartago,2015-01-01,0.0,,0.0,0.0,0.8,0.8,7.5,8.0,1.5,1.5,0.0,0.0,2.5,2.5,0.0,0.0
Dagua,2015-01-01,0.0,,0.0,0.0,1.0,1.0,0.0,0.0,2.0,2.0,0.0,0.0,0.0,0.0,0.0,0.0
El Aguila,2015-01-01,0.0,,0.0,0.0,2.0,0.0,0.0,0.0,4.0,0.0,0.0,0.0,0.0,0.0,0.0,0.0
El Cairo,2015-01-01,0.0,,0.0,0.0,1.3,1.5,0.0,0.0,2.2,2.2,0.0,0.0,0.0,0.0,0.0,0.0
El Cerrito,2015-01-01,5.0,,0.0,0.0,1.25,1.25,7.0,7.0,0.0,0.0,0.0,0.0,0.0,0.0,0.0,0.0
El Dovio,2015-01-01,0.0,,0.0,0.0,0.5,0.5,0.0,0.0,2.5,2.0,0.0,0.0,0.0,0.0,0.0,0.0
Florida,2015-01-01,0.0,,0.0,0.0,1.5,1.5,7.5,7.0,2.0,2.5,0.0,0.0,0.0,0.0,0.0,0.0
Ginebra,2015-01-01,0.0,,0.0,0.0,2.5,2.0,7.5,7.0,3.0,2.5,0.0,0.0,0.0,0.0,0.0,0.0
GuacarÃ­,2015-01-01,4.5,,0.0,0.0,3.0,2.0,7.5,7.0,2.0,3.0,0.0,0.0,0.0,0.0,0.0,0.0
JamundÃ­,2015-01-01,0.0,,6.5,7.0,2.0,2.5,0.0,0.0,1.0,1.2,0.0,0.0,0.0,0.0,0.0,0.0
La Cumbre,2015-01-01,0.0,,0.0,0.0,1.1,1.1,0.0,0.0,1.5,1.5,0.0,0.0,0.0,0.0,0.0,0.0
La UniÃ³n,2015-01-01,0.0,,0.0,0.0,1.5,1.5,8.0,7.5,2.5,2.5,0.0,0.0,0.0,0.0,0.0,0.0
La Victoria,2015-01-01,2.5,,0.0,0.0,1.0,1.0,7.5,7.0,2.0,2.0,0.0,0.0,2.0,2.0,0.0,0.0
Obando,2015-01-01,3.0,,0.0,0.0,0.8,0.9,7.5,7.3,1.6,1.8,0.0,0.0,2.5,2.5,0.0,0.0
Palmira,2015-01-01,5.0,,0.0,0.0,0.9,0.9,0.0,0.0,4.2,4.2,0.0,0.0,0.0,0.0,0.0,0.0
Pradera,2015-01-01,0.0,,0.0,0.0,0.8,0.4,7.0,6.0,2.2,1.5,0.0,0.0,0.0,0.0,0.0,0.0
Restrepo,2015-01-01,0.0,,0.0,0.0,0.8,0.7,0.0,0.0,1.5,1.0,0.0,0.0,0.0,0.0,0.0,0.0
RiofrÃ­o,2015-01-01,0.0,,0.0,0.0,0.8,0.8,0.0,0.0,2.5,2.5,0.0,0.0,0.0,0.0,0.0,0.0
Roldanillo,2015-01-01,5.0,,6.0,6.0,0.5,0.5,8.0,8.0,1.9,1.9,0.0,0.0,2.2,2.2,0.0,0.0
San Pedro,2015-01-01,0.0,,0.0,0.0,1.8,1.5,7.0,7.0,1.2,1.5,7.2,7.2,2.5,2.5,0.0,0.0
Sevilla,2015-01-01,0.0,,0.0,0.0,1.0,1.5,0.0,0.0,1.5,1.5,0.0,0.0,0.0,0.0,0.0,0.0
Toro,2015-01-01,3.5,,0.0,0.0,1.8,2.0,7.0,7.0,0.0,0.0,7.5,7.5,3.0,3.0,0.0,0.0
Trujillo,2015-01-01,0.0,,0.0,0.0,1.0,1.5,7.0,6.0,3.0,2.0,0.0,0.0,0.0,0.0,0.0,0.0
TuluÃ¡,2015-01-01,0.0,,0.0,0.0,1.13,1.0,8.0,7.5,3.3,3.0,0.0,0.0,0.0,0.0,0.0,0.0
Ulloa,2015-01-01,0.0,,0.0,0.0,0.0,0.0,0.0,0.0,5.0,5.0,0.0,0.0,0.0,0.0,0.0,0.0
Versalles,2015-01-01,0.0,,0.0,0.0,0.8,0.8,0.0,0.0,4.0,3.0,0.0,0.0,0.0,0.0,0.0,0.0
Vijes,2015-01-01,0.0,,0.0,0.0,3.0,3.0,0.0,7.0,3.5,3.5,0.0,0.0,0.0,0.0,0.0,0.0
Yotoco,2015-01-01,0.0,,6.0,0.0,2.0,1.5,7.0,6.5,2.0,1.5,0.0,0.0,0.0,0.0,0.0,0.0
Yumbo,2015-01-01,0.0,,0.0,0.0,2.0,1.5,0.0,0.0,3.0,3.0,0.0,0.0,0.0,0.0,0.0,0.0
Zarzal,2015-01-01,0.0,,5.0,5.0,0.0,0.0,7.5,7.0,0.0,0.0,7.0,7.0,2.2,2.2,0.0,0.0
Cali,2014-01-01,,,,,0.8,1.0,,,3.0,3.5,,,,,,
AlcalÃ¡,2014-01-01,,,,,,,,,2.8,2.8,,,,,,
Andalucia,2014-01-01,4.6,,,,,,7.0,6.5,2.8,2.5,,,,,,
Ansermanuevo,2014-01-01,,,,,1.0,0.8,5.0,5.0,2.5,2.5,,,,,,
Argelia,2014-01-01,,,,,1.5,1.5,5.0,5.0,1.5,1.5,,,,,,
Bolivar,2014-01-01,,,,5.5,0.8,0.8,5.0,6.0,1.5,1.5,,,,,,
Buenaventura,2014-01-01,,,,,,,,,3.7,2.9,,,,,,
Buga,2014-01-01,,,11.0,11.0,4.0,4.0,5.0,5.0,2.5,2.5,6.0,6.0,2.5,2.5,,
Bugalagrande,2014-01-01,4.5,,,,0.9,0.9,5.0,5.0,3.0,3.0,,,,,2.0,2.0
Caicedonia,2014-01-01,,,,,0.6,0.6,8.0,8.0,1.5,1.5,,,2.2,2.2,,
Calima DariÃ©n,2014-01-01,,,,,0.3,0.3,,,1.4,1.4,,,,,2.0,0.0
Candelaria,2014-01-01,,,,,,,8.0,8.0,,,,,,,,
Cartago,2014-01-01,,,,,0.8,0.8,6.7,6.6,1.5,1.5,,,2.1,2.1,,
Dagua,2014-01-01,,,,,1.0,1.0,,,2.0,2.0,,,,,,
El Aguila,2014-01-01,,,,,1.6,1.6,,,4.0,4.0,,,,,,
El Cairo,2014-01-01,,,,,1.5,1.6,,,2.3,2.4,,,,,,
El Cerrito,2014-01-01,5.4,,,,1.25,1.25,7.0,7.0,,,,,,,,
El Dovio,2014-01-01,,,,,0.5,0.5,,,3.0,3.0,,,,,,
Florida,2014-01-01,,,,,2.0,2.0,8.0,8.0,4.0,4.0,,,,,,
Ginebra,2014-01-01,,,,,2.0,2.0,7.0,7.0,3.0,3.0,,,,,,
GuacarÃ­,2014-01-01,4.8,,,,3.0,4.0,8.0,8.0,2.0,3.0,,,,,,
JamundÃ­,2014-01-01,,,7.0,7.0,2.0,1.8,,,1.2,1.2,,,,,,
La Cumbre,2014-01-01,,,,,1.0,1.0,,,1.3,1.3,,,,,,
La UniÃ³n,2014-01-01,3.2,,,,1.5,1.8,5.0,5.0,2.5,2.5,,,,,2.7,2.7
La Victoria,2014-01-01,2.6,,,,1.0,1.0,6.0,6.0,2.0,2.0,,,3.0,3.0,,
Obando,2014-01-01,3.2,,,,0.8,0.8,7.3,7.3,1.6,1.6,,,2.9,2.9,,
Palmira,2014-01-01,5.6,,,,1.0,1.0,,,1.4,1.4,,,,,,
Pradera,2014-01-01,,,,,0.8,0.8,5.0,5.0,2.2,2.2,,,,,,
Restrepo,2014-01-01,,,,,0.7,0.7,,,1.2,1.2,,,,,,
RiofrÃ­o,2014-01-01,,,,,0.7,0.8,,,2.6,2.5,,,,,,
Roldanillo,2014-01-01,,,6.0,6.0,0.5,0.5,6.0,6.0,19.0,1.9,,,,,2.6,2.6
San Pedro,2014-01-01,4.5,,,,1.8,1.8,5.5,5.5,1.2,1.5,4.5,4.5,2.5,2.5,,
Sevilla,2014-01-01,0.0,0.0,0.0,0.0,2.0,2.0,0.0,0.0,3.0,3.0,0.0,0.0,0.0,0.0,0.0,0.0
Toro,2014-01-01,3.5,,,,1.8,1.8,4.5,4.5,,,3.5,3.5,3.9,3.9,,
Trujillo,2014-01-01,,,,,0.8,0.8,7.0,7.0,3.4,2.5,,,,,,
TuluÃ¡,2014-01-01,,,,,1.2,1.0,6.0,5.8,3.5,3.5,,,,,,
Ulloa,2014-01-01,,,,,,,,,3.8,,,,,,,
Versalles,2014-01-01,,,,,0.8,0.8,,,4.0,4.0,,,,,,
Vijes,2014-01-01,,,,,3.0,3.0,6.5,6.5,3.0,3.0,,,,,,
Yotoco,2014-01-01,,,6.3,6.3,1.85,1.85,5.5,5.5,1.8,1.5,,,,,,
Yumbo,2014-01-01,,,,,1.0,1.0,6.0,6.0,5.0,5.0,,,,,,
Zarzal,2014-01-01,,,,,,,6.8,6.0,,,,,,,,
Andalucia,2013-01-01,2.5,0.0,0.0,0.0,0.0,0.0,6.0,6.0,1.6,1.6,0.0,0.0,0.0,0.0,0.0,0.0
Ansermanuevo,2013-01-01,0.0,0.0,6.5,6.5,0.8,0.8,5.0,5.0,1.0,1.0,0.0,0.0,0.0,0.0,0.0,0.0
Argelia,2013-01-01,0.0,0.0,0.0,0.0,1.5,1.5,5.0,5.0,1.5,1.5,0.0,0.0,0.0,0.0,0.0,0.0
Bolivar,2013-01-01,0.0,0.0,0.0,0.0,0.8,0.8,5.0,6.0,1.5,1.5,0.0,0.0,0.0,0.0,2.5,2.0
Buenaventura,2013-01-01,0.0,0.0,0.0,0.0,0.0,0.0,0.0,0.0,1.8,1.7,0.0,0.0,0.0,0.0,0.0,0.0
Buga,2013-01-01,0.0,0.0,10.0,10.0,3.0,4.0,5.0,5.0,0.0,0.0,0.0,0.0,0.0,0.0,0.0,0.0
Bugalagrande,2013-01-01,2.5,0.0,0.0,0.0,0.9,0.9,5.0,5.0,3.0,3.0,,0.0,2.8,3.0,2.0,2.0
Caicedonia,2013-01-01,0.0,0.0,0.0,0.0,0.4,0.5,6.0,6.0,1.2,2.2,0.0,0.0,2.2,2.2,0.0,0.0
Calima DariÃ©n,2013-01-01,0.0,0.0,0.0,0.0,0.34,0.34,0.0,0.0,1.36,1.36,0.0,0.0,0.0,0.0,2.0,2.0
Candelaria,2013-01-01,0.0,0.0,0.0,0.0,0.0,0.0,8.0,8.0,0.0,0.0,0.0,0.0,0.0,0.0,0.0,0.0
Dagua,2013-01-01,0.0,0.0,0.0,0.0,1.0,1.0,0.0,0.0,2.0,2.0,0.0,0.0,0.0,0.0,0.0,0.0
El Aguila,2013-01-01,0.0,0.0,0.0,0.0,0.8,0.8,0.0,0.0,2.0,2.0,0.0,0.0,0.0,0.0,0.0,0.0
El Cairo,2013-01-01,0.0,0.0,0.0,0.0,1.1,1.1,0.0,0.0,2.3,2.1,0.0,0.0,0.0,0.0,0.0,0.0
El Dovio,2013-01-01,0.0,0.0,0.0,0.0,0.5,0.5,0.0,0.0,0.0,0.0,0.0,0.0,0.0,0.0,0.0,0.0
Florida,2013-01-01,0.0,0.0,0.0,0.0,2.0,2.0,8.0,8.0,4.0,4.0,0.0,0.0,0.0,0.0,0.0,0.0
Ginebra,2013-01-01,0.0,0.0,0.0,0.0,1.5,1.2,6.6,6.6,3.0,3.0,0.0,0.0,0.0,0.0,0.0,0.0
GuacarÃ­,2013-01-01,2.4,0.0,0.0,0.0,3.0,3.0,6.0,6.0,2.0,2.0,0.0,0.0,0.0,0.0,0.0,0.0
JamundÃ­,2013-01-01,0.0,0.0,6.5,6.5,2.0,2.0,0.0,0.0,1.5,1.4,0.0,0.0,0.0,0.0,0.0,0.0
La UniÃ³n,2013-01-01,2.7,0.0,0.0,0.0,0.9625,1.0,5.0,5.0,2.0,2.0,0.0,0.0,0.0,0.0,2.7,2.7
La Victoria,2013-01-01,3.5,0.0,0.0,0.0,1.0,1.0,6.0,6.0,2.0,2.0,0.0,6.0,3.0,3.0,0.0,0.0
Obando,2013-01-01,3.2,0.0,0.0,0.0,0.76,0.0,7.4,7.4,1.9,1.9,0.0,0.0,2.9,2.9,0.0,0.0
Palmira,2013-01-01,3.0,0.0,0.0,0.0,1.0,1.0,4.0,4.0,3.0,3.0,0.0,0.0,0.0,1.9,0.0,0.0
Pradera,2013-01-01,0.0,0.0,0.0,0.0,0.8,0.8,5.0,5.0,2.2,2.2,0.0,0.0,0.0,0.0,0.0,0.0
RiofrÃ­o,2013-01-01,0.0,0.0,0.0,0.0,0.8,0.8,0.0,0.0,2.5,2.5,0.0,0.0,0.0,0.0,0.0,0.0
Roldanillo,2013-01-01,0.0,0.0,6.0,6.0,0.5,0.5,6.0,6.0,1.9,1.9,4.0,4.0,2.2,2.2,2.6,2.6
San Pedro,2013-01-01,0.0,0.0,0.0,0.0,1.75,1.8,5.5,5.5,1.2,2.0,4.5,4.5,2.5,2.5,0.0,0.0
Sevilla,2013-01-01,0.0,0.0,0.0,0.0,1.0,1.5,0.0,0.0,1.5,1.5,0.0,0.0,0.0,0.0,0.0,0.0
Toro,2013-01-01,3.0,0.0,0.0,0.0,1.8,1.8,4.5,4.5,0.0,0.0,3.5,3.5,2.5,2.6,0.0,0.0
TuluÃ¡,2013-01-01,2.6,0.0,0.0,0.0,1.2,1.2,6.0,6.0,3.5,3.5,0.0,0.0,0.0,0.0,0.0,0.0
Ulloa,2013-01-01,0.0,0.0,0.0,0.0,0.8,0.0,0.0,0.0,3.0,0.0,0.0,0.0,0.0,0.0,1.7,0.0
Versalles,2013-01-01,0.0,0.0,0.0,0.0,0.8,0.8,0.0,0.0,2.4,3.0,0.0,0.0,0.0,0.0,0.0,0.0
Vijes,2013-01-01,0.0,0.0,0.0,0.0,3.0,3.0,6.5,6.5,3.0,3.0,0.0,0.0,0.0,0.0,2.5,0.0
Yumbo,2013-01-01,0.0,0.0,0.0,0.0,1.0,1.0,6.0,5.0,3.5,3.0,0.0,0.0,0.0,0.0,2.0,2.0
Zarzal,2013-01-01,0.0,0.0,0.0,0.0,0.0,0.0,4.0,4.0,0.0,0.0,3.0,3.0,3.0,3.0,0.0,0.0
Cali,2012-01-01,0.0,0.0,0.0,0.0,0.9,0.75,0.0,0.0,1.75,1.8,0.0,0.0,0.0,0.0,0.0,0.0
AlcalÃ¡,2012-01-01,0.0,0.0,0.0,0.0,1.0,1.0,0.0,3.5,3.5,0.0,0.0,0.0,0.0,0.0,0.0,0.0
Andalucia,2012-01-01,4.4,0.0,0.0,0.0,0.0,0.0,0.0,0.0,4.5,4.8,0.0,0.0,0.0,0.0,0.0,0.0
Ansermanuevo,2012-01-01,0.0,0.0,5.0,5.0,1.0,1.0,5.0,5.0,1.33,1.33,0.0,0.0,0.0,0.0,0.0,0.0
Argelia,2012-01-01,0.0,0.0,0.0,0.0,1.5,1.5,0.0,0.0,2.7,1.5,0.0,0.0,0.0,0.0,0.0,0.0
Bolivar,2012-01-01,0.0,0.0,0.0,0.0,0.8,0.8,5.0,6.0,1.5,1.5,0.0,0.0,3.0,3.0,2.5,2.5
Buenaventura,2012-01-01,0.0,0.0,0.0,0.0,0.0,0.0,0.0,0.0,1.5,1.5,0.0,0.0,0.0,0.0,0.0,0.0
Buga,2012-01-01,4.5,0.0,0.0,0.0,1.0,1.1,5.0,5.0,2.0,2.0,4.5,5.5,2.0,2.3,0.0,0.0
Bugalagrande,2012-01-01,0.0,0.0,0.0,0.0,0.9,0.9,5.0,5.0,3.0,3.0,0.0,0.0,0.0,0.0,2.0,2.0
Caicedonia,2012-01-01,0.0,0.0,0.0,0.0,0.4,0.4,6.0,6.0,1.2,1.2,0.0,0.0,2.2,2.2,0.0,0.0
Calima DariÃ©n,2012-01-01,0.0,0.0,0.0,0.0,0.34,0.34,0.0,0.0,1.36,1.36,0.0,0.0,0.0,0.0,2.0,2.0
Candelaria,2012-01-01,0.0,0.0,0.0,0.0,0.0,0.0,8.0,8.0,0.0,0.0,0.0,0.0,0.0,0.0,0.0,0.0
Dagua,2012-01-01,0.0,0.0,0.0,0.0,0.8,0.8,0.0,0.0,1.7,1.7,0.0,0.0,0.0,0.0,0.0,0.0
El Aguila,2012-01-01,0.0,0.0,0.0,0.0,0.9,0.8,0.0,0.0,1.3,1.3,0.0,0.0,0.0,0.0,0.0,0.0
El Cerrito,2012-01-01,4.8,0.0,0.0,0.0,0.866666666666667,0.909166666666667,7.0,7.0,0.0,0.0,0.0,0.0,0.0,0.0,0.0,0.0
El Dovio,2012-01-01,0.0,0.0,0.0,0.0,0.5,0.5,0.0,0.0,4.0,4.0,0.0,0.0,0.0,0.0,0.0,0.0
Florida,2012-01-01,0.0,0.0,0.0,0.0,1.5,1.5,5.0,5.0,1.6,1.6,6.95,6.5,0.0,0.0,3.0,3.0
GuacarÃ­,2012-01-01,0.0,0.0,0.0,0.0,2.0,2.0,6.0,6.0,2.0,2.0,0.0,0.0,0.0,0.0,0.0,0.0
JamundÃ­,2012-01-01,0.0,0.0,6.5,6.0,2.5,2.0,0.0,0.0,2.0,1.3,0.0,0.0,0.0,0.0,0.0,0.0
La UniÃ³n,2012-01-01,1.6,0.0,0.0,0.0,1.0,1.0,8.0,8.0,3.0,0.0,0.0,0.0,0.0,0.0,2.7,2.7
La Victoria,2012-01-01,0.0,0.0,0.0,0.0,1.0,2.0,6.0,6.0,2.0,1.0,5.5,5.5,2.8,2.8,0.0,0.0
Obando,2012-01-01,2.8,0.0,5.8,5.5,0.76,0.76,7.1,6.9,1.5,1.5,5.2,0.0,2.9,2.9,0.0,0.0
Palmira,2012-01-01,0.0,0.0,0.0,0.0,1.0,1.0,0.0,5.0,0.0,3.75,0.0,0.0,0.0,0.0,0.0,0.0
Pradera,2012-01-01,0.0,0.0,0.0,0.0,0.8,0.8,5.0,5.0,2.2,2.2,0.0,0.0,0.0,0.0,0.0,0.0
RiofrÃ­o,2012-01-01,0.0,0.0,0.0,0.0,0.85,0.85,6.0,2.5,0.0,0.0,0.0,0.0,0.0,0.0,0.0,0.0
Roldanillo,2012-01-01,0.0,0.0,6.0,6.0,0.5,0.5,6.0,6.0,1.9,1.9,0.0,0.0,2.2,2.2,2.6,2.6
San Pedro,2012-01-01,2.4,0.0,0.0,0.0,0.75,2.5,5.5,6.57,1.2,2.34,4.5,0.0,2.5,0.0,0.0,2.5
Sevilla,2012-01-01,0.0,0.0,0.0,0.0,0.0,18.125,0.0,0.0,0.0,2.4,0.0,0.0,0.0,0.0,0.0,0.0
Toro,2012-01-01,0.0,0.0,0.0,0.0,0.8,0.8,4.5,4.5,0.0,0.0,3.5,3.5,3.5,3.5,0.0,0.0
TuluÃ¡,2012-01-01,0.0,0.0,0.0,0.0,1.2,1.2,6.0,6.0,3.5,3.5,0.0,0.0,0.0,0.0,0.0,0.0
Ulloa,2012-01-01,0.0,0.0,0.0,0.0,0.0,0.0,0.0,0.0,0.0,3.0,0.0,0.0,0.0,0.0,0.0,0.0
Vijes,2012-01-01,0.0,0.0,0.0,0.0,2.5,2.5,6.57,6.57,2.34,2.34,0.0,0.0,0.0,0.0,2.5,2.5
Yotoco,2012-01-01,0.0,,0.0,0.0,1.5,2.5,1.5,4.0,1.6,1.8,0.0,0.0,0.0,0.0,0.0,2.1
Yumbo,2012-01-01,0.0,0.0,0.0,0.0,1.0,1.0,6.0,5.0,5.0,3.0,0.0,0.0,0.0,0.0,2.0,2.0
Zarzal,2012-01-01,0.0,0.0,5.0,5.0,0.0,1.0,4.0,4.0,0.0,0.0,3.0,3.0,3.0,0.0,0.0,0.0
Cali,2011-01-01,0.0,,0.0,0.0,0.9,0.9,0.0,0.0,1.75,0.9,0.0,0.0,0.0,0.0,0.0,0.0
AlcalÃ¡,2011-01-01,0.0,,0.0,0.0,0.5,0.5,0.0,0.0,1.0,1.2,0.0,0.0,0.0,0.0,0.0,0.0
Andalucia,2011-01-01,0.0,,0.0,0.0,0.0,0.0,0.0,0.0,4.5,4.8,0.0,0.0,0.0,0.0,0.0,0.0
Ansermanuevo,2011-01-01,0.0,,0.0,0.0,1.0,1.0,0.0,0.0,2.0,0.0,0.0,0.0,0.0,0.0,1.5,0.0
Argelia,2011-01-01,0.0,,0.0,0.0,2.65,1.9,6.8,0.0,3.95,0.0,0.0,0.0,0.0,0.0,0.0,0.0
Bolivar,2011-01-01,0.0,,0.0,0.0,0.8,0.711111111111111,5.0,5.0,1.3,1.21,0.0,5.0,0.0,0.0,2.5,2.5
Buenaventura,2011-01-01,0.0,,0.0,0.0,0.0,0.0,0.0,0.0,1.5,1.5,0.0,0.0,0.0,0.0,0.0,0.0
Buga,2011-01-01,4.5,,0.0,0.0,1.0,1.1,5.0,5.0,2.0,2.0,4.5,5.5,2.0,2.3,0.0,0.0
Bugalagrande,2011-01-01,0.0,,0.0,0.0,1.0,1.0,5.0,5.0,3.0,3.0,0.0,0.0,0.0,0.0,2.0,2.0
Caicedonia,2011-01-01,0.0,,0.0,0.0,0.4,0.4,6.0,6.0,1.2,1.2,0.0,0.0,2.2,2.2,0.0,0.0
Calima DariÃ©n,2011-01-01,0.0,,0.0,0.0,0.34,0.34,0.0,0.0,1.36,1.36,0.0,0.0,0.0,0.0,2.0,2.0
Candelaria,2011-01-01,0.0,,0.0,0.0,0.0,0.0,8.0,8.0,0.0,0.0,0.0,0.0,0.0,0.0,0.0,0.0
Cartago,2011-01-01,0.0,,0.0,6.0,0.7,0.7,5.0,5.3,1.5,1.5,0.0,0.0,1.8,2.0,2.0,2.0
Dagua,2011-01-01,0.0,,0.0,0.0,0.8,0.8,0.0,0.0,1.7,1.7,0.0,0.0,0.0,0.0,0.0,0.0
El Aguila,2011-01-01,0.0,,0.0,0.0,0.88,0.8,0.0,0.0,1.33,1.43,0.0,0.0,0.0,0.0,0.0,0.0
El Cairo,2011-01-01,0.0,,0.0,0.0,1.1,1.1,0.0,0.0,2.3,1.575,0.0,0.0,0.0,0.0,0.0,0.0
El Cerrito,2011-01-01,0.0,,0.0,0.0,1.27,0.625,7.0,7.0,0.0,0.0,0.0,0.0,0.0,0.0,0.0,0.0
El Dovio,2011-01-01,0.0,,0.0,0.0,0.411764705882353,0.4,0.0,0.0,4.0,4.0,0.0,0.0,0.0,0.0,0.0,0.0
Florida,2011-01-01,0.0,,0.0,0.0,1.5,1.5,5.0,5.0,1.6,1.6,6.95,6.5,0.0,0.0,3.0,3.0
Ginebra,2011-01-01,0.0,,0.0,0.0,1.8,0.217142857142857,5.7,6.6,3.3,3.0,0.0,0.0,0.0,0.0,0.0,0.0
GuacarÃ­,2011-01-01,2.0,,0.0,0.0,2.0,2.0,4.0,4.0,2.0,1.3,0.0,0.0,3.0,0.0,0.0,0.0
JamundÃ­,2011-01-01,0.0,,7.5,9.0,2.5,3.0,0.0,3.0,3.0,0.0,0.0,0.0,0.0,0.0,0.0,0.0
La Cumbre,2011-01-01,0.0,,0.0,0.0,1.09,1.09,0.0,0.0,2.0,2.0,0.0,0.0,0.0,0.0,0.0,0.0
La UniÃ³n,2011-01-01,0.0,,0.0,0.0,0.7,0.7,8.0,8.0,0.0,0.0,0.0,0.0,0.0,0.0,2.6,2.6
La Victoria,2011-01-01,0.0,,0.0,0.0,1.0,2.0,6.0,6.0,2.0,1.0,5.5,5.5,2.8,2.8,0.0,0.0
Obando,2011-01-01,3.2,,0.0,0.0,0.76,0.76,7.4,7.4,1.5,1.5,5.2,5.2,2.9,2.9,0.0,0.0
Palmira,2011-01-01,0.0,,0.0,0.0,0.8,0.8,0.0,0.0,2.0,2.0,0.0,0.0,0.0,0.0,0.0,0.0
Pradera,2011-01-01,0.0,,0.0,0.0,0.8,0.0,5.0,0.0,2.2,2.0,0.0,0.0,0.0,0.0,0.0,0.0
Restrepo,2011-01-01,0.0,,0.0,0.0,0.730769230769231,0.721379310344828,0.0,0.0,1.2,1.0,0.0,0.0,0.0,0.0,1.9,0.0
RiofrÃ­o,2011-01-01,0.0,,0.0,0.0,0.783333333333333,0.85,6.0,0.0,0.0,2.5,0.0,0.0,0.0,0.0,0.0,0.0
Roldanillo,2011-01-01,0.0,,6.0,6.0,0.5,0.8,6.0,6.0,1.9,2.1,0.0,0.0,2.2,0.0,2.6,2.6
San Pedro,2011-01-01,4.1,,0.0,0.0,0.75,0.75,5.5,5.5,1.2,1.2,4.5,4.5,3.0,3.0,0.0,0.0
Sevilla,2011-01-01,0.0,,0.0,0.0,1.65,1.65,5.0,5.0,1.5,1.5,0.0,0.0,0.0,0.0,0.0,0.0
Toro,2011-01-01,0.0,,0.0,0.0,0.8,0.8,3.7,3.7,0.0,0.0,3.5,3.5,3.5,3.5,0.0,0.0
Trujillo,2011-01-01,0.0,,0.0,0.0,1.0,1.0,4.4,0.0,0.0,0.0,0.0,0.0,0.0,0.0,0.0,0.0
TuluÃ¡,2011-01-01,0.0,,0.0,0.0,1.2,1.2,6.0,6.0,3.5,3.5,0.0,0.0,0.0,0.0,0.0,0.0
Ulloa,2011-01-01,0.0,,0.0,0.0,1.0,1.0,0.0,0.0,1.25,3.0,0.0,0.0,0.0,0.0,0.0,0.0
Versalles,2011-01-01,0.0,,0.0,0.0,0.591836734693878,0.866666666666667,0.0,0.0,1.0,1.0,0.0,0.0,0.0,0.0,0.0,0.0
Vijes,2011-01-01,0.0,,0.0,0.0,0.636,0.796774193548387,6.0,7.0,3.0,3.0,0.0,0.0,0.0,0.0,3.0,3.0
Yotoco,2011-01-01,0.0,,0.0,0.0,1.5,1.5,5.25,5.25,4.5,4.5,0.0,0.0,0.0,0.0,0.0,0.0
Zarzal,2011-01-01,0.0,,0.0,0.0,0.0,0.0,0.0,0.0,3.0,3.0,3.0,3.0,2.0,2.0,0.0,0.0
AlcalÃ¡,2010-01-01,,,,,1.0,1.0,,,2.0,2.0,,,,,,
Andalucia,2010-01-01,4.7,,,,,,,,3.5,3.5,,,,,,
Argelia,2010-01-01,,,,,2.65,1.9,6.8,,3.95,,,,,,,
Buenaventura,2010-01-01,,,,,,,,,7.0,7.0,,,,,,
Bugalagrande,2010-01-01,4.7,,,,0.9,0.9,5.0,5.0,3.0,3.0,,,,,2.0,2.0
Caicedonia,2010-01-01,,,,,0.4,0.4,6.0,6.0,2.0,2.0,,,2.2,2.2,,
Calima DariÃ©n,2010-01-01,,,,,0.34,0.34,,,1.36,1.36,,,,,,
Candelaria,2010-01-01,,,,,,,8.0,8.0,,,,,,,,
Dagua,2010-01-01,,,,,0.8,0.8,,,1.7,1.7,,,,,,
El Aguila,2010-01-01,,,,,0.88,0.8,,,1.33,1.43,,,,,,
El Cairo,2010-01-01,,,,,1.21,1.21,,,2.27,2.27,,,,,,
El Cerrito,2010-01-01,4.5,,,,2.1,2.5,5.0,,,,,,,,,
El Dovio,2010-01-01,,,,,0.4,0.4,,,4.0,4.0,,,,,,
Florida,2010-01-01,,,,,1.5,1.5,5.0,5.0,1.6,5.0,12.0,12.0,,,3.0,3.0
Ginebra,2010-01-01,,,,,1.0,1.1,,,2.6,2.65,,,,,,
GuacarÃ­,2010-01-01,2.0,,,,2.0,2.0,4.0,4.0,2.0,1.3,,,3.0,,,
JamundÃ­,2010-01-01,,,8.5,9.0,3.0,3.0,,,3.0,3.0,4.0,,1.8,,,
La Cumbre,2010-01-01,,,,,1.1,1.0,,,1.9,18.825,,,,,,
La UniÃ³n,2010-01-01,4.8,,,,,,5.8,5.8,,,6.0,6.0,2.5,2.5,2.6,2.6
La Victoria,2010-01-01,,,,,1.0,1.0,6.0,6.0,2.0,2.0,5.5,5.5,2.8,,,2.5
Obando,2010-01-01,4.7,,,,0.76,0.76,7.4,7.4,3.0,3.0,5.2,5.2,2.9,2.9,,
Palmira,2010-01-01,4.0,,,,0.8,0.8,,,2.0,2.0,,,,,,
Pradera,2010-01-01,,,,,0.8,0.8,5.0,5.0,2.2,2.2,,,,,,
RiofrÃ­o,2010-01-01,,,,,0.783333333333333,0.85,6.0,,,2.5,,,,,,
Roldanillo,2010-01-01,,,6.0,6.0,0.7,0.7,6.0,6.0,2.1,2.1,4.0,4.0,2.44,2.44,2.6,2.6
San Pedro,2010-01-01,4.1,,,,0.75,0.75,5.5,5.5,1.2,1.2,4.5,4.5,3.0,3.0,,
Sevilla,2010-01-01,,,,,2.0,1.0,,,1.5,1.5,,,,,,
Toro,2010-01-01,,,,,0.8,0.8,3.7,3.7,,,3.5,3.5,3.5,3.5,,
TuluÃ¡,2010-01-01,4.0,,,,1.2,1.2,6.0,6.0,3.5,3.5,,,,,,
Ulloa,2010-01-01,,,,,0.2,,2.0,,1.2,,,,,,,
Versalles,2010-01-01,,,,,0.858823529411765,0.942857142857143,,,1.2,1.2,,,,,,
Vijes,2010-01-01,,,,,0.9,0.9,6.0,6.0,3.0,3.0,,,,,,
Yotoco,2010-01-01,,,,,1.0,0.85,9.5,13.0,4.7,4.5,,,,,,
Zarzal,2010-01-01,,,,,,,,,3.0,3.0,3.0,3.0,2.0,2.0,,
Cali,2009-01-01,0.0,0.0,0.0,,,0.86,3.0,,2.75,,0.0,0.0,0.0,0.0,0.0,0.0
AlcalÃ¡,2009-01-01,0.0,0.0,0.0,0.0,0.5,0.5,0.0,0.0,1.8,1.8,0.0,0.0,0.0,0.0,0.0,0.0
Andalucia,2009-01-01,,0.0,0.0,0.0,,,,3.5,3.5,,,,,,0.0,0.0
Ansermanuevo,2009-01-01,0.0,0.0,9.0,8.0,2.55,2.17,6.8,4.0,4.56,1.79,0.0,0.0,0.0,0.0,0.0,0.0
Argelia,2009-01-01,0.0,0.0,0.0,0.0,2.65,1.9,6.8,0.0,4.1,,0.0,0.0,0.0,0.0,0.0,0.0
Bolivar,2009-01-01,,0.0,0.0,0.0,0.8,0.76,5.0,5.0,1.3,1.34,5.0,5.0,2.0,2.0,2.5,2.5
Buenaventura,2009-01-01,0.0,0.0,,,0.0,0.0,0.0,0.0,7.0,7.0,0.0,0.0,0.0,0.0,0.0,0.0
Buga,2009-01-01,4.5,,6.0,6.0,0.57,0.88,5.5,5.5,1.46,1.49,5.0,5.0,2.8,2.5,,
Bugalagrande,2009-01-01,,0.0,0.0,0.0,1.0,1.0,5.0,5.0,3.0,3.0,0.0,0.0,0.0,,0.0,0.0
Caicedonia,2009-01-01,0.0,0.0,0.0,0.0,0.3,0.3,6.0,6.0,2.0,2.0,0.0,0.0,2.2,2.2,0.0,0.0
Calima DariÃ©n,2009-01-01,0.0,0.0,0.0,0.0,0.34,0.34,0.0,0.0,1.36,1.36,0.0,0.0,0.0,0.0,0.0,0.0
Candelaria,2009-01-01,0.0,0.0,0.0,0.0,0.0,0.0,9.68,9.67,0.0,0.0,7.93,7.0,0.0,0.0,0.0,0.0
Cartago,2009-01-01,0.0,0.0,0.0,0.0,7.0,0.7,6.46,6.57,1.5,1.5,0.0,,1.9,1.9,0.0,0.0
Dagua,2009-01-01,0.0,0.0,0.0,0.0,0.8,0.8,0.0,0.0,1.7,1.7,0.0,0.0,0.0,0.0,0.0,0.0
El Aguila,2009-01-01,0.0,0.0,0.0,0.0,0.88,0.8,0.0,0.0,1.33,1.43,0.0,0.0,0.0,0.0,0.0,0.0
El Cairo,2009-01-01,0.0,0.0,0.0,0.0,1.21,1.21,0.0,0.0,2.27,2.27,0.0,0.0,0.0,0.0,0.0,0.0
El Cerrito,2009-01-01,0.0,0.0,0.0,0.0,1.3,1.3,5.8,5.8,0.0,0.0,,0.0,0.0,0.0,0.0,0.0
El Dovio,2009-01-01,0.0,0.0,0.0,0.0,0.4,0.4,0.0,0.0,4.0,4.0,0.0,0.0,0.0,0.0,0.0,0.0
Florida,2009-01-01,0.0,0.0,0.0,0.0,0.8,0.75,6.0,5.85,2.2,2.1,12.6,12.5,,0.0,2.6,2.6
Ginebra,2009-01-01,0.0,0.0,,,1.0,1.1,,,2.6,2.65,,,,,0.0,0.0
GuacarÃ­,2009-01-01,,0.0,0.0,0.0,2.0,4.0,6.0,5.0,2.0,2.0,4.0,4.0,0.0,0.0,0.0,0.0
JamundÃ­,2009-01-01,0.0,0.0,9.0,9.0,3.0,3.0,4.5,4.5,3.5,3.5,4.0,4.0,,2.5,0.0,0.0
La Cumbre,2009-01-01,0.0,0.0,0.0,0.0,1.034,1.03,0.0,0.0,1.87,1.88,0.0,0.0,0.0,0.0,0.0,0.0
La UniÃ³n,2009-01-01,,0.0,0.0,0.0,,,5.8,5.8,,,,6.0,2.5,2.4,2.6,2.6
La Victoria,2009-01-01,0.0,0.0,0.0,0.0,1.0,1.0,6.0,6.0,2.0,2.0,5.5,5.5,2.8,2.2,0.0,0.0
Obando,2009-01-01,0.0,0.0,0.0,0.0,0.75,0.75,7.38,7.38,3.0,3.0,5.3,5.3,2.7,2.7,,
Palmira,2009-01-01,0.0,0.0,0.0,0.0,0.8,0.8,,,2.0,2.0,,,,0.0,0.0,0.0
Pradera,2009-01-01,0.0,0.0,0.0,0.0,0.8,0.8,5.0,5.0,2.2,2.2,,,,,0.0,0.0
Restrepo,2009-01-01,0.0,0.0,0.0,0.0,0.7,0.73,0.0,0.0,1.15,1.18,0.0,0.0,0.0,0.0,0.0,0.0
RiofrÃ­o,2009-01-01,0.0,0.0,0.0,0.0,0.78,0.85,6.0,,,2.5,0.0,0.0,0.0,0.0,0.0,0.0
Roldanillo,2009-01-01,,0.0,6.0,6.0,0.7,0.7,6.0,6.0,2.19,2.1,4.0,4.0,2.44,2.44,2.6,2.6
San Pedro,2009-01-01,0.0,0.0,0.0,0.0,0.75,0.57,5.5,5.5,1.2,1.2,4.5,4.5,1.5,1.5,0.0,0.0
Sevilla,2009-01-01,0.0,0.0,0.0,0.0,0.53,0.53,,,2.65,2.66,0.0,0.0,0.0,0.0,0.0,0.0
Toro,2009-01-01,0.0,0.0,0.0,0.0,0.8,0.8,3.7,3.7,0.0,0.0,3.5,3.5,3.5,3.5,1.4,1.4
Trujillo,2009-01-01,0.0,0.0,0.0,0.0,0.8,,4.52,3.0,0.77,,0.0,0.0,0.0,0.0,2.5,0.0
TuluÃ¡,2009-01-01,0.0,0.0,,,1.2,1.2,6.0,6.0,3.5,3.5,,,0.0,0.0,0.0,0.0
Ulloa,2009-01-01,0.0,0.0,0.0,0.0,0.8,0.8,0.0,3.6,2.0,3.6,0.0,0.0,0.0,0.0,0.0,0.0
Versalles,2009-01-01,0.0,0.0,0.0,0.0,0.9,0.73,0.0,0.0,1.2,1.2,0.0,0.0,0.0,0.0,0.0,0.0
Vijes,2009-01-01,0.0,0.0,0.0,0.0,0.9,0.84,6.0,6.0,2.0,5.0,0.0,0.0,0.0,0.0,0.0,0.0
Yotoco,2009-01-01,0.0,0.0,0.0,,1.1,1.1,10.0,10.0,2.9,3.5,0.0,0.0,0.0,0.0,0.0,0.0
Yumbo,2009-01-01,0.0,0.0,0.0,0.0,1.5,1.0,8.0,8.15,,,,5.0,0.0,0.0,0.0,0.0
Zarzal,2009-01-01,,0.0,0.0,0.0,0.0,0.0,3.0,3.0,0.0,0.0,3.5,3.5,2.0,2.0,0.0,0.0
Cali,2008-01-01,0.0,0.0,0.0,,2.0,2.0,2.0,2.0,2.8,1.75,0.0,0.0,0.0,0.0,0.0,0.0
AlcalÃ¡,2008-01-01,0.0,0.0,0.0,0.0,0.4,0.4,0.0,0.0,1.5,1.5,0.0,0.0,0.0,0.0,0.0,0.0
Andalucia,2008-01-01,4.5,0.0,0.0,0.0,2.32,2.8,6.66,6.16,3.62,3.7,7.6,7.6,5.3,5.5,0.0,0.0
Ansermanuevo,2008-01-01,0.0,0.0,0.0,6.0,1.6,1.36,0.0,8.8,7.09,5.25,0.0,0.0,0.0,0.0,0.0,0.0
Argelia,2008-01-01,0.0,0.0,0.0,0.0,1.5,2.0,0.0,0.0,2.0,2.0,0.0,0.0,0.0,0.0,0.0,0.0
Bolivar,2008-01-01,,0.0,0.0,0.0,0.8,0.8,5.0,5.0,1.33,1.31,0.0,5.0,0.0,0.0,,
Buenaventura,2008-01-01,0.0,0.0,,,0.0,0.0,0.0,0.0,1.25,1.25,0.0,0.0,0.0,0.0,0.0,0.0
Buga,2008-01-01,,,6.0,6.0,1.0,0.9,5.0,4.5,2.0,1.0,4.5,3.5,2.1,2.0,,
Bugalagrande,2008-01-01,5.0,0.0,0.0,0.0,0.9,0.9,5.0,5.0,2.5,2.5,0.0,0.0,0.0,,0.0,0.0
Caicedonia,2008-01-01,0.0,0.0,0.0,0.0,0.3,0.3,6.0,4.0,2.0,2.0,0.0,0.0,2.2,2.2,0.0,0.0
Calima DariÃ©n,2008-01-01,0.0,0.0,0.0,0.0,0.34,0.34,0.0,0.0,1.36,1.36,0.0,0.0,0.0,0.0,0.0,0.0
Candelaria,2008-01-01,0.0,0.0,0.0,0.0,0.0,0.0,9.68,9.67,0.0,0.0,4.0,4.0,0.0,0.0,0.0,0.0
Cartago,2008-01-01,0.0,0.0,0.0,0.0,1.0,1.0,8.14,8.68,1.14,1.14,0.0,,2.44,2.55,0.0,0.0
Dagua,2008-01-01,0.0,0.0,0.0,0.0,0.8,0.8,0.0,0.0,1.7,1.7,0.0,0.0,0.0,0.0,0.0,0.0
El Aguila,2008-01-01,0.0,0.0,0.0,0.0,0.88,0.8,0.0,0.0,0.83,0.67,0.0,0.0,0.0,0.0,0.0,0.0
El Cairo,2008-01-01,0.0,0.0,0.0,0.0,0.7,0.7,0.0,0.0,2.28,1.98,0.0,0.0,0.0,0.0,0.0,0.0
El Cerrito,2008-01-01,0.0,0.0,0.0,0.0,1.3,1.3,5.81,5.8,0.0,0.0,4.5,0.0,0.0,0.0,0.0,0.0
El Dovio,2008-01-01,0.0,0.0,0.0,0.0,0.4,0.4,0.0,0.0,4.0,4.0,0.0,0.0,0.0,0.0,0.0,0.0
Florida,2008-01-01,0.0,0.0,0.0,0.0,0.8,0.8,6.0,6.0,2.36,2.36,,,,0.0,2.0,2.0
Ginebra,2008-01-01,0.0,0.0,6.0,6.3,0.95,1.0,5.5,5.6,2.5,2.4,4.4,4.3,2.3,2.4,0.0,0.0
GuacarÃ­,2008-01-01,,0.0,0.0,0.0,2.0,2.0,3.0,5.0,3.0,3.0,6.0,6.0,0.0,0.0,0.0,0.0
JamundÃ­,2008-01-01,0.0,0.0,7.0,7.0,,1.0,5.5,5.49,3.5,3.5,4.0,3.5,1.2,1.2,0.0,0.0
La Cumbre,2008-01-01,0.0,0.0,0.0,0.0,1.064,1.03,0.0,0.0,2.04,1.94,0.0,0.0,0.0,0.0,0.0,0.0
La UniÃ³n,2008-01-01,4.8,0.0,0.0,0.0,0.65,0.57,5.94,5.89,1.6,1.6,6.12,5.94,2.5,2.5,2.55,2.64
La Victoria,2008-01-01,0.0,0.0,0.0,0.0,1.0,1.0,4.28,5.5,2.0,2.0,0.0,5.5,2.8,2.8,0.0,0.0
Obando,2008-01-01,0.0,0.0,0.0,0.0,0.67,0.67,6.6,6.6,2.57,2.57,5.2,5.2,2.4,2.4,2.25,
Palmira,2008-01-01,0.0,0.0,0.0,0.0,1.0,0.9,4.5,5.5,1.5,1.4,4.5,4.7,2.5,0.0,0.0,0.0
Pradera,2008-01-01,0.0,0.0,0.0,0.0,0.8,0.8,5.0,5.0,2.2,2.25,,,,,0.0,0.0
Restrepo,2008-01-01,0.0,0.0,0.0,0.0,0.71,0.73,0.0,0.0,1.34,1.18,0.0,0.0,0.0,0.0,0.0,0.0
RiofrÃ­o,2008-01-01,0.0,0.0,0.0,0.0,0.8,0.8,6.0,6.0,2.0,2.0,0.0,0.0,0.0,0.0,0.0,0.0
Roldanillo,2008-01-01,5.0,0.0,6.0,6.0,0.7,0.7,7.0,6.0,1.7,2.19,4.0,4.0,2.3,0.0,3.0,0.0
San Pedro,2008-01-01,0.0,0.0,0.0,0.0,0.75,0.75,5.5,5.5,1.2,1.2,4.5,4.5,1.5,1.5,0.0,0.0
Sevilla,2008-01-01,0.0,0.0,0.0,0.0,0.6,0.57,6.5,,2.86,2.83,0.0,0.0,0.0,0.0,0.0,0.0
Toro,2008-01-01,0.0,0.0,0.0,0.0,0.8,0.8,39.0,3.9,0.0,0.0,3.5,3.5,0.0,0.0,1.4,1.4
Trujillo,2008-01-01,0.0,0.0,0.0,0.0,0.82,,4.0,3.0,1.0,,0.0,0.0,0.0,0.0,0.0,0.0
TuluÃ¡,2008-01-01,0.0,0.0,,,0.8,0.8,5.0,5.0,3.9,3.9,,,0.0,0.0,0.0,0.0
Ulloa,2008-01-01,0.0,0.0,0.0,0.0,,0.8,0.0,0.0,3.6,3.6,0.0,0.0,0.0,0.0,0.0,0.0
Versalles,2008-01-01,0.0,0.0,0.0,0.0,0.75,0.73,0.0,0.0,1.2,1.2,0.0,0.0,0.0,0.0,0.0,0.0
Vijes,2008-01-01,0.0,0.0,0.0,0.0,0.8,0.7,2.0,1.75,1.5,2.0,0.0,0.0,0.0,0.0,0.0,0.0
Yotoco,2008-01-01,0.0,0.0,0.0,,0.88,0.8,,,0.83,0.67,0.0,0.0,0.0,0.0,0.0,0.0
Yumbo,2008-01-01,0.0,0.0,0.0,0.0,2.0,2.0,5.0,6.5,3.5,3.0,5.0,,0.0,0.0,0.0,0.0
Zarzal,2008-01-01,5.5,0.0,0.0,0.0,0.0,0.0,3.5,3.5,0.0,0.0,3.5,3.5,2.0,2.0,0.0,0.0
Cali,2007-01-01,0.0,0.0,0.0,0.0,0.95,1.0,3.0,2.0,2.75,1.375,0.0,0.0,0.0,0.0,0.0,0.0
AlcalÃ¡,2007-01-01,0.0,0.0,0.0,0.0,0.8,0.8,0.0,0.0,2.5,2.5,0.0,0.0,0.0,0.0,0.0,0.0
Andalucia,2007-01-01,7.8,0.0,0.0,0.0,0.85,0.82,6.5,6.3,2.4,2.5,6.5,6.3,3.7,3.9,0.0,0.0
Ansermanuevo,2007-01-01,0.0,0.0,0.0,0.0,0.6,0.5,0.0,0.0,1.4,1.5,0.0,0.0,0.0,0.0,0.0,0.0
Argelia,2007-01-01,0.0,0.0,0.0,0.0,1.2,1.1,0.0,0.0,1.42,2.4,0.0,0.0,0.0,0.0,0.0,0.0
Bolivar,2007-01-01,4.5,0.0,0.0,0.0,0.8,0.8,5.0,5.2,1.5,2.0,0.0,5.0,0.0,0.0,2.0,2.0
Buenaventura,2007-01-01,0.0,0.0,2.5,2.5,0.0,0.0,0.0,0.0,0.7,1.0,0.0,0.0,0.0,0.0,0.0,0.0
Buga,2007-01-01,4.5,0.0,6.0,6.0,1.1,1.0,6.0,5.0,2.5,2.0,5.0,4.5,2.8,2.5,0.0,0.0
Bugalagrande,2007-01-01,0.0,0.0,0.0,0.0,0.9,0.9,5.0,5.0,2.5,2.5,0.0,0.0,0.0,2.5,0.0,0.0
Caicedonia,2007-01-01,0.0,0.0,0.0,0.0,0.3,0.4,6.0,6.0,2.0,2.0,0.0,0.0,2.2,2.3,0.0,0.0
Candelaria,2007-01-01,0.0,0.0,0.0,0.0,0.0,0.0,4.38,2.7,0.0,0.0,3.7,3.8,0.0,0.0,0.0,0.0
Cartago,2007-01-01,0.0,0.0,0.0,0.0,0.75,0.75,5.0,5.0,1.2,1.2,0.0,4.0,2.0,5.0,0.0,0.0
Dagua,2007-01-01,0.0,0.0,0.0,0.0,0.7,0.8,0.0,0.0,1.2,1.7,0.0,0.0,0.0,0.0,0.0,0.0
DariÃ©n,2007-01-01,0.0,0.0,0.0,0.0,1.36,1.36,0.0,0.0,2.4,2.4,0.0,0.0,0.0,0.0,0.0,0.0
El Aguila,2007-01-01,0.0,0.0,0.0,0.0,0.6,0.6,0.0,0.0,1.2,2.8,0.0,0.0,0.0,0.0,0.0,0.0
El Cairo,2007-01-01,0.0,0.0,0.0,0.0,0.8,1.02,0.0,0.0,2.0,2.0,0.0,0.0,0.0,0.0,0.0,0.0
El Cerrito,2007-01-01,0.0,0.0,0.0,0.0,0.0,0.0,4.8,5.8,0.0,0.0,0.0,0.0,0.0,0.0,0.0,0.0
El Dovio,2007-01-01,0.0,0.0,0.0,0.0,0.4,0.4,0.0,0.0,2.5,2.7,0.0,0.0,0.0,0.0,0.0,0.0
Florida,2007-01-01,0.0,0.0,0.0,0.0,0.9,0.85,6.0,5.8,1.9,2.0,4.2,4.5,2.0,0.0,2.5,2.0
Ginebra,2007-01-01,0.0,0.0,6.0,6.3,0.95,1.0,5.5,5.6,2.5,2.4,4.4,4.3,2.3,2.4,0.0,0.0
GuacarÃ­,2007-01-01,4.0,0.0,0.0,0.0,2.0,1.9,5.0,5.1,3.0,2.5,5.0,5.0,0.0,0.0,0.0,0.0
JamundÃ­,2007-01-01,0.0,0.0,6.5,6.5,0.5,0.6,6.0,6.0,5.0,4.5,4.5,4.5,1.8,1.9,0.0,0.0
La UniÃ³n,2007-01-01,,0.0,0.0,0.0,0.72,0.71,6.0,5.9,1.6,1.6,6.0,6.0,0.0,0.0,2.5,2.5
La Victoria,2007-01-01,0.0,0.0,0.0,0.0,1.2,1.1,4.5,4.6,2.5,2.8,0.0,4.5,2.1,0.0,0.0,0.0
Obando,2007-01-01,0.0,0.0,0.0,0.0,0.8,0.8,7.2,6.6,3.5,3.5,4.5,5.2,2.5,2.4,0.0,2.5
Palmira,2007-01-01,0.0,0.0,0.0,0.0,1.0,0.9,4.5,5.5,1.5,1.4,4.5,4.7,2.5,0.0,0.0,0.0
Pradera,2007-01-01,0.0,0.0,0.0,0.0,0.8,0.8,5.0,4.5,2.2,2.25,4.0,4.0,2.5,2.5,0.0,0.0
RiofrÃ­o,2007-01-01,0.0,0.0,0.0,0.0,0.85,0.9,5.2,5.2,2.5,2.5,0.0,0.0,0.0,0.0,0.0,0.0
San Pedro,2007-01-01,0.0,0.0,0.0,0.0,0.75,0.8,5.5,5.6,1.2,1.2,4.5,4.5,1.5,1.6,0.0,0.0
Sevilla,2007-01-01,0.0,0.0,0.0,0.0,1.0,1.25,6.5,6.5,3.0,2.7,0.0,0.0,0.0,0.0,0.0,0.0
Toro,2007-01-01,0.0,0.0,0.0,0.0,1.2,1.2,53.625,5.5,0.0,0.0,0.0,5.4,4.5,3.3,0.0,1.9
Trujillo,2007-01-01,0.0,0.0,0.0,0.0,0.84,0.82,4.0,4.0,1.0,1.0,0.0,0.0,0.0,0.0,0.0,0.0
TuluÃ¡,2007-01-01,0.0,0.0,8.2,6.8,0.997297297297297,1.0,4.5,5.2,3.75,3.5,6.0,6.1,0.0,0.0,0.0,0.0
Ulloa,2007-01-01,0.0,0.0,0.0,0.0,0.7,0.8,0.0,0.0,1.8,2.0,0.0,0.0,0.0,0.0,0.0,0.0
Versalles,2007-01-01,0.0,0.0,0.0,0.0,0.905,0.903960396039604,0.0,0.0,1.26,1.2,0.0,0.0,0.0,0.0,0.0,0.0
Vijes,2007-01-01,0.0,0.0,0.0,0.0,1.0,0.9,2.0,2.4,2.0,1.5,0.0,0.0,0.0,0.0,0.0,0.0
Yotoco,2007-01-01,0.0,0.0,0.0,4.5,1.8,1.8,5.5,5.5,1.5,1.5,0.0,0.0,0.0,0.0,0.0,0.0
Yumbo,2007-01-01,0.0,0.0,0.0,0.0,0.7,0.65,6.0,6.0,2.5,2.5,0.0,6.0,0.0,0.0,0.0,0.0
Zarzal,2007-01-01,3.0,0.0,0.0,0.0,0.0,0.0,3.5,3.2,0.0,0.0,3.5,3.5,2.0,2.0,0.0,0.0
Cali,2006-01-01,,,,,0.5,0.5,5.0,6.0,1.0,2.5,,,,,,
AlcalÃ¡,2006-01-01,,,,,0.8,0.8,,,2.5,2.5,,,,,,
Andalucia,2006-01-01,8.0,,,,,0.8,5.5,6.3,2.5,2.5,5.0,6.3,2.5,3.9,,
Ansermanuevo,2006-01-01,,,,,0.8,0.6,,,1.8,1.4,,,,,,
Argelia,2006-01-01,,,,,1.0,1.0,,,2.7,2.0,,,,,,
Bolivar,2006-01-01,1.0,,,,0.8,0.8,5.0,5.0,2.5,1.5,5.0,5.0,,,2.0,2.0
Buenaventura,2006-01-01,,,2.0,2.5,,,,,2.0,0.7,,,,,,
Buga,2006-01-01,4.5,,6.0,6.0,1.1,1.2,6.0,6.0,2.3,2.5,5.0,5.0,2.5,3.0,,
Bugalagrande,2006-01-01,4.0,,,,1.0,0.8,5.0,6.0,4.0,3.0,,4.0,,2.5,,
Caicedonia,2006-01-01,,,,,0.3,0.3,6.0,6.0,2.0,2.0,,,2.2,2.2,,
Candelaria,2006-01-01,,,,,,,4.5,2.5,,,4.0,3.7,,,,
Cartago,2006-01-01,,,,,0.8,0.8,3.5,6.5,0.8,1.2,,,1.5,2.0,,
Dagua,2006-01-01,,,,,0.8,0.8,,,1.7,1.7,,,,,,
DariÃ©n,2006-01-01,,,,,2.5,1.4,,,2.8,1.4,,,,,,
El Aguila,2006-01-01,,,,,0.7,0.6,,,2.6,3.0,,,,,,
El Cairo,2006-01-01,,,,,1.1,0.8,,,3.1,1.8,,,,,,
El Cerrito,2006-01-01,,,,,,,5.7,5.7,3.8,0.0,,,,,,
El Dovio,2006-01-01,,,,,0.4,0.4,,,2.9,2.2,,,,,,
Florida,2006-01-01,,,,,0.7,0.8,6.0,6.0,1.9,2.3,4.5,4.5,4.5,,,2.0
Ginebra,2006-01-01,,,6.0,6.3,1.0,1.0,5.5,5.6,2.5,2.3,4.4,4.3,2.3,2.3,,
GuacarÃ­,2006-01-01,3.4,,,,0.9,0.9,6.0,5.0,2.0,3.0,4.0,5.0,3.0,,,
JamundÃ­,2006-01-01,,,6.5,6.5,0.6,,6.0,6.0,4.5,3.8,4.5,4.5,1.8,1.8,,
La Cumbre,2006-01-01,,,,,1.0,1.1,,,19.4,19.4,,,,,,
La UniÃ³n,2006-01-01,2.5,,,,0.8,0.7,6.0,6.0,1.6,1.6,6.0,6.0,,,2.5,2.5
La Victoria,2006-01-01,,,,,1.2,,5.0,4.5,2.5,3.0,4.5,4.5,,,,
Obando,2006-01-01,3.4,,,,0.5,0.8,6.1,6.5,1.2,3.5,4.0,5.0,2.5,2.5,2.5,2.5
Palmira,2006-01-01,,,,,0.9,0.8,1.7,5.4,1.4,1.4,,4.5,,,,
Pradera,2006-01-01,,,,,0.8,0.8,4.5,4.5,2.2,2.3,4.0,4.0,2.0,2.5,,
Restrepo,2006-01-01,,,,,0.8,1.0,,,1.3,1.6,,,,,,
RiofrÃ­o,2006-01-01,,,,,0.9,0.9,,5.2,2.5,2.5,,,,,,
Roldanillo,2006-01-01,,,,,0.7,0.7,6.0,7.0,1.7,3.0,5.0,,,,3.0,
San Pedro,2006-01-01,,,,,0.8,0.8,5.5,5.5,1.2,1.2,4.5,4.5,1.5,1.5,,
Sevilla,2006-01-01,,,,,0.9,1.5,4.6,6.5,2.7,2.7,,,,,,
Toro,2006-01-01,,,,,3.8,,4.5,5.2,1.8,,,5.2,4.5,3.2,,1.8
Trujillo,2006-01-01,,,,,0.9,0.8,4.0,4.0,1.0,1.0,,,,,,
TuluÃ¡,2006-01-01,,,,8.2,0.8,1.0,5.8,5.2,3.9,3.0,,6.0,,,,
Ulloa,2006-01-01,,,,,0.8,0.8,,,2.0,2.0,,,,,,
Versalles,2006-01-01,,,,,1.1,0.9,,,1.4,1.3,,,,,,
Vijes,2006-01-01,,,,,0.7,0.7,2.5,2.5,1.5,1.5,,,,,,
Yotoco,2006-01-01,,,,4.5,1.8,1.9,5.5,5.5,1.5,2.0,6.0,,,,,
Yumbo,2006-01-01,3.5,,,,0.7,0.7,6.0,6.0,2.5,2.5,5.0,4.5,,,,
Zarzal,2006-01-01,2.5,,,,,,3.5,3.0,,,3.2,3.0,2.2,2.0,,
Cali,2005-01-01,0.0,0.0,0.0,0.0,0.4,0.5,5.0,6.0,2.5,2.5,0.0,0.0,0.0,0.0,0.0,0.0
AlcalÃ¡,2005-01-01,0.0,0.0,0.0,0.0,0.8,0.8,0.0,0.0,2.5,2.5,0.0,0.0,0.0,0.0,0.0,0.0
Andalucia,2005-01-01,3.2,0.0,0.0,0.0,0.0,0.0,5.5,6.8,2.7,2.7,0.0,0.0,2.6,2.6,0.0,0.0
Ansermanuevo,2005-01-01,0.0,0.0,0.0,0.0,0.8,0.8,4.5,5.0,2.8,3.0,0.0,0.0,0.0,0.0,0.0,0.0
Argelia,2005-01-01,0.0,0.0,0.0,0.0,1.0,1.0,0.0,0.0,2.7,2.0,0.0,0.0,0.0,0.0,0.0,0.0
Bolivar,2005-01-01,3.6,0.0,0.0,0.0,0.8,0.8,5.0,5.5,3.5,3.5,5.0,5.0,3.0,3.0,0.0,0.0
Buenaventura,2005-01-01,0.0,0.0,1.8,2.5,0.0,0.0,0.0,0.0,2.0,2.5,0.0,0.0,0.0,0.0,0.0,0.0
Buga,2005-01-01,3.5,0.0,6.0,6.0,1.1,1.2,6.1,6.0,3.5,3.5,5.0,5.0,3.0,3.0,0.0,0.0
Bugalagrande,2005-01-01,3.4,0.0,0.0,0.0,0.8,0.9,5.0,5.0,3.4,3.2,4.0,4.0,0.0,2.5,0.0,0.0
Caicedonia,2005-01-01,0.0,0.0,0.0,0.0,0.3,0.3,6.0,6.0,2.0,2.0,0.0,0.0,0.0,0.0,0.0,0.0
Candelaria,2005-01-01,0.0,0.0,0.0,0.0,0.0,0.0,4.5,4.5,0.0,0.0,3.7,3.7,1.3,1.3,0.0,0.0
Cartago,2005-01-01,3.6,0.0,0.0,0.0,0.78,0.78,5.0,6.5,3.0,3.5,4.0,4.0,2.0,2.1,0.0,0.0
Dagua,2005-01-01,0.0,0.0,0.0,0.0,0.8,0.8,0.0,0.0,3.5,3.5,0.0,0.0,0.0,0.0,0.0,0.0
DariÃ©n,2005-01-01,0.0,0.0,0.0,0.0,2.5,1.36,0.0,0.0,2.8,3.0,0.0,0.0,0.0,0.0,0.0,0.0
El Aguila,2005-01-01,0.0,0.0,0.0,0.0,0.6,0.6,0.0,0.0,3.0,3.2,0.0,0.0,0.0,0.0,0.0,0.0
El Cairo,2005-01-01,0.0,0.0,0.0,0.0,0.75,0.66,0.0,0.0,3.1,4.0,0.0,0.0,0.0,0.0,0.0,0.0
El Cerrito,2005-01-01,3.6,0.0,6.4,6.4,1.5,1.5,5.5,5.7,3.4,3.8,4.5,4.5,0.0,0.0,0.0,0.0
El Dovio,2005-01-01,0.0,0.0,0.0,0.0,0.45,0.45,0.0,0.0,2.7,2.21,0.0,0.0,0.0,0.0,0.0,0.0
Florida,2005-01-01,0.0,0.0,0.0,0.0,0.8,0.8,6.0,6.0,2.2,2.3,4.5,4.5,0.0,0.0,2.0,2.0
Ginebra,2005-01-01,0.0,0.0,6.5,6.3,1.1,0.95,5.5,5.6,2.1,2.3,4.4,4.3,2.3,2.4,0.0,0.0
GuacarÃ­,2005-01-01,3.7,0.0,0.0,0.0,0.25,0.65,5.0,5.0,2.1,2.3,4.0,4.0,0.0,0.0,2.0,2.0
JamundÃ­,2005-01-01,0.0,0.0,7.0,6.5,0.6,0.6,5.5,5.5,2.0,2.5,4.5,4.5,2.4,2.4,0.0,0.0
La Cumbre,2005-01-01,0.0,0.0,0.0,0.0,1.1,1.1,0.0,0.0,2.0,2.0,0.0,0.0,0.0,0.0,0.0,0.0
La UniÃ³n,2005-01-01,3.9,0.0,0.0,0.0,0.81,0.81,6.0,6.0,2.3,2.5,6.0,6.0,2.5,2.5,2.5,2.5
La Victoria,2005-01-01,3.2,0.0,0.0,0.0,1.2,1.2,5.5,5.5,3.0,3.0,4.5,4.5,0.0,2.1,0.0,0.0
Obando,2005-01-01,3.4,0.0,0.0,0.0,0.8,0.7,6.5,7.0,2.4,2.6,4.0,4.0,2.5,2.5,2.5,2.5
Palmira,2005-01-01,0.0,0.0,0.0,0.0,1.6,0.75,5.3,5.4,2.5,2.7,4.6,4.5,2.0,2.5,2.5,2.2
Pradera,2005-01-01,0.0,0.0,0.0,0.0,0.78,0.78,4.5,4.5,2.2,2.3,4.0,4.0,2.0,2.0,0.0,0.0
Restrepo,2005-01-01,0.0,0.0,0.0,0.0,0.8,0.85,0.0,0.0,2.0,2.4,0.0,0.0,0.0,0.0,0.0,0.0
RiofrÃ­o,2005-01-01,0.0,0.0,0.0,0.0,0.9,0.87,5.0,5.0,2.5,2.0,0.0,0.0,0.0,0.0,0.0,0.0
Roldanillo,2005-01-01,3.3,0.0,0.0,0.0,0.65,0.76,6.5,6.5,2.8,2.9,5.0,5.0,0.0,2.1,2.9,2.9
San Pedro,2005-01-01,0.0,0.0,0.0,0.0,0.75,0.75,5.5,5.5,2.0,2.0,4.5,4.5,1.5,1.5,0.0,0.0
Sevilla,2005-01-01,0.0,0.0,0.0,0.0,1.25,0.5,5.75,5.0,2.5,2.7,0.0,0.0,0.0,0.0,0.0,0.0
Toro,2005-01-01,3.7,0.0,0.0,0.0,0.0,3.5,5.5,5.5,0.0,0.0,3.7,3.7,2.5,3.0,1.8,1.8
Trujillo,2005-01-01,0.0,0.0,0.0,0.0,1.5,1.5,0.0,6.0,2.0,2.0,4.5,4.5,0.0,0.0,0.0,0.0
TuluÃ¡,2005-01-01,3.6,0.0,7.5,7.5,1.0,1.0,5.0,5.0,3.2,3.2,4.0,4.0,2.5,2.5,0.0,0.0
Ulloa,2005-01-01,0.0,0.0,0.0,0.0,0.8,0.8,0.0,0.0,2.0,2.0,0.0,0.0,0.0,0.0,0.0,0.0
Versalles,2005-01-01,0.0,0.0,0.0,0.0,0.985,1.09,0.0,0.0,2.7,2.9,0.0,0.0,0.0,0.0,0.0,0.0
Vijes,2005-01-01,0.0,0.0,0.0,0.0,0.7,0.85,0.0,0.0,2.7,2.5,4.4,4.6,0.0,0.0,0.0,0.0
Yotoco,2005-01-01,0.0,0.0,0.0,0.0,2.0,2.0,5.5,5.5,2.5,2.3,0.0,0.0,0.0,0.0,0.0,0.0
Yumbo,2005-01-01,3.4,0.0,0.0,0.0,0.65,0.65,6.0,6.0,2.5,2.5,4.5,4.5,0.0,0.0,0.0,0.0
Zarzal,2005-01-01,3.2,0.0,0.0,0.0,0.0,0.0,5.5,5.5,0.0,0.0,4.0,3.5,2.5,2.5,0.0,0.0
Cali,2004-01-01,0.0,0.0,0.0,0.0,0.6,0.5,5.0,6.0,2.0,2.5,4.5,3.8,2.2,1.8,0.0,0.0
AlcalÃ¡,2004-01-01,0.0,0.0,0.0,0.0,0.8,0.8,0.0,0.0,2.5,2.5,0.0,0.0,0.0,0.0,0.0,0.0
Andalucia,2004-01-01,3.8,0.0,0.0,0.0,0.0,0.0,4.25,5.5,2.0,2.7,4.0,0.0,2.5,2.6,0.0,0.0
Ansermanuevo,2004-01-01,0.0,0.0,0.0,0.0,0.5,0.76,6.0,6.4,0.5,1.7,0.0,0.0,2.3,2.3,0.0,0.0
Argelia,2004-01-01,0.0,0.0,0.0,0.0,0.6,0.77,0.0,0.0,1.55,2.7,0.0,0.0,0.0,0.0,0.0,0.0
Bolivar,2004-01-01,3.6,0.0,0.0,0.0,0.8,0.76,5.0,5.4,2.5,1.9,5.0,4.7,2.2,0.0,2.0,2.0
Buenaventura,2004-01-01,0.0,0.0,0.0,0.0,0.0,0.0,0.0,0.0,0.7,0.9,0.0,0.0,0.0,0.0,0.0,0.0
Buga,2004-01-01,4.1,0.0,6.0,6.0,1.1,1.2,5.6,6.1,2.3,2.5,4.9,5.0,2.9,3.0,0.0,0.0
Bugalagrande,2004-01-01,4.0,0.0,0.0,0.0,0.9,0.9,5.0,5.0,1.2,2.0,4.0,4.0,2.5,2.5,0.0,0.0
Caicedonia,2004-01-01,0.0,0.0,0.0,0.0,0.3,0.3,6.0,6.0,2.0,2.0,0.0,0.0,2.6,2.3,0.0,0.0
Candelaria,2004-01-01,0.0,0.0,0.0,0.0,0.0,0.0,4.5,5.0,0.0,0.0,5.0,3.7,2.0,2.0,0.0,0.0
Cartago,2004-01-01,4.1,0.0,0.0,0.0,0.78,0.78,5.45,5.7,1.2,1.2,4.0,4.5,2.2,2.1,0.0,0.0
Dagua,2004-01-01,0.0,0.0,0.0,0.0,0.8,0.8,0.0,0.0,1.1,1.6,0.0,0.0,0.0,0.0,0.0,0.0
DariÃ©n,2004-01-01,0.0,0.0,0.0,0.0,1.25,1.0,0.0,0.0,1.36,1.36,0.0,0.0,0.0,0.0,0.0,0.0
El Aguila,2004-01-01,0.0,0.0,0.0,0.0,0.62,0.6,0.0,0.0,1.1,1.2,0.0,0.0,0.0,0.0,0.0,0.0
El Cairo,2004-01-01,0.0,0.0,0.0,0.0,0.58,0.659,0.0,0.0,1.6,2.2,0.0,0.0,0.0,0.0,0.0,0.0
El Cerrito,2004-01-01,4.0,0.0,6.0,6.0,0.9,0.9,8.0,8.0,0.0,0.0,4.5,4.6,0.0,0.0,0.0,0.0
El Dovio,2004-01-01,0.0,0.0,0.0,0.0,0.45,0.45,0.0,0.0,1.77,2.212,0.0,0.0,0.0,0.0,0.0,0.0
Florida,2004-01-01,0.0,0.0,0.0,0.0,1.2,0.7,6.0,6.0,1.8,1.9,3.5,4.5,2.0,0.0,2.0,0.0
Ginebra,2004-01-01,0.0,0.0,6.0,0.0,1.2,0.75,5.3,5.5,1.4,1.7,4.5,4.4,2.3,2.4,0.0,0.0
GuacarÃ­,2004-01-01,3.95,0.0,0.0,0.0,0.95,0.85,5.0,5.3,2.0,1.7,3.5,3.4,0.0,0.0,2.3,2.0
JamundÃ­,2004-01-01,3.5,0.0,6.0,6.5,0.7,0.7,5.0,5.2,1.2,1.6,4.5,4.0,2.3,2.0,0.0,1.2
La Cumbre,2004-01-01,0.0,0.0,0.0,0.0,1.1,1.1,0.0,0.0,1.6,1.6,0.0,0.0,0.0,0.0,0.0,0.0
La UniÃ³n,2004-01-01,3.87,0.0,0.0,0.0,0.81,0.81,5.5,5.5,1.6,1.6,4.5,5.5,2.5,2.5,2.5,2.5
La Victoria,2004-01-01,4.0,0.0,0.0,0.0,0.75,1.2,4.5,5.5,0.75,0.5,4.0,4.5,2.0,2.1,0.0,0.0
Obando,2004-01-01,4.2,0.0,0.0,0.0,0.6,0.7,6.5,5.0,1.25,1.15,0.0,4.0,2.45,2.0,2.5,2.5
Palmira,2004-01-01,0.0,0.0,0.0,0.0,1.6,0.75,5.3,5.3,2.5,1.4,4.6,4.5,2.0,2.5,2.5,2.2
Pradera,2004-01-01,0.0,0.0,0.0,0.0,0.78,0.9,4.5,5.0,1.4,1.7,4.0,4.6,2.0,2.1,0.0,0.0
Restrepo,2004-01-01,0.0,0.0,0.0,0.0,0.7,0.7,0.0,0.0,1.5,1.5,0.0,0.0,0.0,0.0,0.0,0.0
RiofrÃ­o,2004-01-01,0.0,0.0,0.0,0.0,1.0,0.82,0.0,0.0,1.2,1.4,0.0,0.0,2.5,2.4,0.0,0.0
Roldanillo,2004-01-01,4.25,0.0,0.0,0.0,0.7625,0.7625,6.5,5.5,2.8,2.8,5.0,5.0,0.0,0.0,2.5,2.5
San Pedro,2004-01-01,3.8,0.0,0.0,0.0,0.75,0.75,5.5,5.5,1.2,1.2,4.5,4.5,1.8,1.5,0.0,0.0
Sevilla,2004-01-01,0.0,0.0,0.0,0.0,1.17,1.25,5.7,6.5,2.3,2.5,0.0,0.0,0.0,0.0,0.0,0.0
Toro,2004-01-01,3.65,0.0,0.0,0.0,0.9,0.95,4.1,5.3,2.5,2.5,3.7,5.0,2.3,2.5,1.8,2.1
Trujillo,2004-01-01,0.0,0.0,0.0,0.0,0.9,1.5,6.0,6.0,3.0,3.0,4.5,4.5,0.0,0.0,0.0,0.0
TuluÃ¡,2004-01-01,3.57,0.0,0.0,5.8,0.86,0.72,5.88,5.0,1.13,3.2,4.53,4.0,2.16,2.5,0.0,0.0
Ulloa,2004-01-01,0.0,0.0,0.0,0.0,0.6,0.75,0.0,0.0,3.0,1.002,0.0,0.0,0.0,0.0,0.0,0.0
Versalles,2004-01-01,0.0,0.0,0.0,0.0,0.985,0.985,0.0,0.0,1.4,1.8,0.0,0.0,0.0,0.0,0.0,0.0
Vijes,2004-01-01,0.0,0.0,0.0,0.0,0.7,0.89,0.0,0.0,1.5,1.8,4.4,4.0,0.0,0.0,0.0,0.0
Yotoco,2004-01-01,3.3,0.0,0.0,0.0,0.8,2.0,6.2,5.5,1.5,2.0,0.0,0.0,0.0,0.0,0.0,0.0
Yumbo,2004-01-01,4.0,0.0,0.0,0.0,0.65,0.65,6.0,6.0,2.5,0.27,4.5,1.17,0.0,0.0,0.0,0.0
Zarzal,2004-01-01,3.9,0.0,0.0,0.0,0.0,0.0,3.0,5.0,0.0,0.0,3.5,3.18,3.2,3.0,0.0,0.0
Cali,2003-01-01,3.27,0.0,6.0,6.15,0.6,0.57,5.0,5.8,2.0,2.5,4.0,4.2,0.0,2.0,0.0,0.0
AlcalÃ¡,2003-01-01,0.0,0.0,0.0,0.0,0.8,0.76,0.0,0.0,2.5,2.5,0.0,0.0,0.0,0.0,0.0,0.0
Andalucia,2003-01-01,0.0,0.0,0.0,0.0,0.0,0.0,4.0,3.7,0.0,0.0,0.0,0.0,2.3,2.3,0.0,0.0
Ansermanuevo,2003-01-01,0.0,0.0,0.0,0.0,0.8,0.76,6.0,6.4,1.0,1.7,0.0,0.0,0.0,0.0,0.0,0.0
Argelia,2003-01-01,0.0,0.0,0.0,0.0,0.5,0.48,0.0,0.0,1.4,1.55,0.0,0.0,0.0,0.0,0.0,0.0
Bolivar,2003-01-01,0.0,0.0,0.0,0.0,0.8,0.76,5.0,5.4,1.5,1.9,5.0,4.7,2.2,2.2,0.0,2.0
Buenaventura,2003-01-01,0.0,0.0,2.5,2.5,0.0,0.0,0.0,0.0,0.7,0.9,0.0,0.0,0.0,0.0,0.0,0.0
Buga,2003-01-01,3.54,0.0,6.0,6.2,1.1,1.0,5.5,5.8,2.3,2.0,4.8,4.7,2.2,2.0,0.0,0.0
Bugalagrande,2003-01-01,0.0,0.0,0.0,0.0,0.9,0.85,5.0,5.4,1.0,1.3,4.0,4.0,2.5,2.4,0.0,0.0
Caicedonia,2003-01-01,0.0,0.0,0.0,0.0,0.3,0.29,6.0,6.4,2.0,2.5,0.0,0.0,2.6,2.6,1.8,2.0
Candelaria,2003-01-01,0.0,0.0,0.0,0.0,0.0,0.0,4.0,4.3,0.0,0.0,4.0,4.0,2.0,2.0,0.0,0.0
Cartago,2003-01-01,3.45,0.0,0.0,0.0,0.78,0.75,5.0,5.4,1.2,1.5,4.0,4.0,2.3,2.3,0.0,0.0
Dagua,2003-01-01,0.0,0.0,0.0,0.0,0.8,0.76,0.0,0.0,1.1,1.6,0.0,0.0,0.0,0.0,0.0,0.0
DariÃ©n,2003-01-01,0.0,0.0,0.0,0.0,1.0,0.95,0.0,0.0,1.0,1.65,0.0,0.0,0.0,0.0,0.0,0.0
El Aguila,2003-01-01,0.0,0.0,0.0,0.0,0.56,0.55,0.0,0.0,1.19,1.8,0.0,0.0,0.0,0.0,0.0,0.0
El Cairo,2003-01-01,0.0,0.0,0.0,0.0,0.58,0.55,0.0,0.0,1.6,2.0,0.0,0.0,0.0,0.0,0.0,0.0
El Cerrito,2003-01-01,0.0,0.0,6.0,5.95,1.0,0.95,8.0,8.5,0.0,0.0,5.0,4.6,3.0,3.0,0.0,0.0
El Dovio,2003-01-01,0.0,0.0,0.0,0.0,1.12,0.91,0.0,0.0,1.3,2.0,0.0,0.0,0.0,0.0,0.0,0.0
Florida,2003-01-01,0.0,0.0,0.0,0.0,1.2,1.1,6.0,6.4,2.5,2.0,3.5,3.4,0.0,0.0,2.5,2.0
Ginebra,2003-01-01,0.0,0.0,6.0,6.15,1.2,1.1,5.3,5.5,1.4,1.8,4.5,4.5,2.5,2.3,0.0,0.0
GuacarÃ­,2003-01-01,0.0,0.0,0.0,0.0,0.9,0.85,5.0,5.3,1.14,1.7,3.5,3.4,2.0,2.0,2.2,2.0
JamundÃ­,2003-01-01,0.0,0.0,6.0,6.0,0.7,0.67,4.9,5.2,1.2,1.5,4.5,4.5,2.3,2.3,0.0,0.0
La Cumbre,2003-01-01,0.0,0.0,0.0,0.0,1.1,1.0,0.0,0.0,1.6,2.0,0.0,0.0,0.0,0.0,0.0,0.0
La UniÃ³n,2003-01-01,2.72,0.0,0.0,0.0,0.0,0.0,5.5,5.8,0.0,0.0,4.5,4.5,2.5,2.45,0.0,0.0
La Victoria,2003-01-01,0.0,0.0,0.0,0.0,0.8,0.76,4.5,4.8,1.0,1.4,4.5,4.5,2.5,2.5,0.0,0.0
Obando,2003-01-01,0.0,0.0,0.0,0.0,0.6,0.57,5.4,5.8,0.8,1.6,0.0,4.0,2.1,2.1,0.0,0.0
Palmira,2003-01-01,0.0,0.0,0.0,0.0,0.75,0.71,0.0,0.0,1.4,1.8,4.5,4.5,2.5,2.5,2.2,2.2
Pradera,2003-01-01,0.0,0.0,0.0,0.0,0.78,0.74,4.5,4.8,1.4,1.8,4.0,4.0,2.0,2.1,0.0,0.0
Restrepo,2003-01-01,0.0,0.0,0.0,0.0,0.8,0.76,0.0,0.0,1.8,1.5,0.0,0.0,0.0,0.0,0.0,0.0
RiofrÃ­o,2003-01-01,0.0,0.0,0.0,0.0,1.2,1.0,0.0,0.0,1.35,1.7,0.0,0.0,2.0,2.0,0.0,0.0
Roldanillo,2003-01-01,3.27,0.0,0.0,0.0,0.8,0.77,4.4,4.7,1.8,2.0,4.6,4.6,0.0,0.0,2.1,2.1
San Pedro,2003-01-01,0.0,0.0,0.0,0.0,0.75,0.72,5.5,5.8,1.2,1.5,4.5,4.5,0.0,0.0,0.0,0.0
Sevilla,2003-01-01,0.0,0.0,0.0,0.0,0.0,0.0,0.0,0.0,0.0,0.0,0.0,0.0,0.0,0.0,0.0,0.0
Toro,2003-01-01,0.0,0.0,0.0,0.0,0.8,0.76,5.0,5.3,2.0,2.0,5.0,5.0,2.5,2.5,2.0,2.1
Trujillo,2003-01-01,0.0,0.0,0.0,0.0,0.85,0.82,6.0,6.4,1.4,1.8,4.5,4.5,0.0,2.2,0.0,0.0
TuluÃ¡,2003-01-01,3.27,0.0,0.0,0.0,0.8,0.78,6.0,6.4,1.4,1.6,4.5,4.5,2.3,2.3,2.0,2.2
Ulloa,2003-01-01,0.0,0.0,0.0,0.0,0.8,0.51,0.0,0.0,3.0,3.1,0.0,0.0,0.0,0.0,0.0,0.0
Versalles,2003-01-01,0.0,0.0,0.0,0.0,0.9,0.93,0.0,0.0,1.4,1.8,0.0,0.0,0.0,0.0,0.0,0.0
Vijes,2003-01-01,3.36,0.0,0.0,0.0,0.7,0.67,0.0,0.0,1.5,1.9,4.4,4.4,0.0,0.0,0.0,0.0
Yotoco,2003-01-01,0.0,0.0,6.0,5.7,0.8,0.76,4.2,4.5,2.0,2.5,0.0,0.0,0.0,2.3,0.0,0.0
Yumbo,2003-01-01,0.0,0.0,0.0,0.0,0.65,0.62,5.7,6.0,2.3,2.7,4.5,4.5,2.0,2.1,0.0,0.0
Zarzal,2003-01-01,3.45,0.0,0.0,0.0,0.0,0.0,5.0,5.25,0.0,0.0,3.8,3.5,2.5,2.5,0.0,2.5
Cali,2002-01-01,0.0,0.0,6.0,6.0,0.6,0.6,5.0,5.5,2.0,2.28,4.4,4.4,1.7,2.0,0.0,0.0
AlcalÃ¡,2002-01-01,0.0,0.0,0.0,0.0,0.8,0.8,0.0,0.0,2.5,2.5,0.0,0.0,0.0,0.0,0.0,0.0
Andalucia,2002-01-01,3.6,0.0,6.5,0.0,0.0,0.0,5.0,3.5,0.0,0.0,4.0,0.0,2.3,2.3,0.0,0.0
Ansermanuevo,2002-01-01,0.0,0.0,0.0,0.0,0.8,0.8,6.0,6.0,1.0,1.0,0.0,0.0,0.0,0.0,0.0,0.0
Argelia,2002-01-01,0.0,0.0,0.0,0.0,0.5,0.5,0.0,0.0,0.0,1.0,0.0,0.0,0.0,0.0,0.0,0.0
Bolivar,2002-01-01,4.6,0.0,0.0,0.0,0.8,0.8,5.0,5.0,1.5,1.5,5.0,5.0,2.0,2.2,0.0,2.0
Buenaventura,2002-01-01,0.0,0.0,2.5,2.5,0.0,0.0,0.0,0.0,0.7,0.7,0.0,0.0,0.0,0.0,0.0,0.0
Buga,2002-01-01,3.6,0.0,6.0,6.0,1.1,1.1,5.5,5.5,2.3,2.3,4.8,4.8,2.6,2.0,0.0,0.0
Bugalagrande,2002-01-01,3.0,0.0,0.0,0.0,0.9,0.9,4.2,5.0,1.4,1.0,4.0,4.0,2.2,2.5,0.0,0.0
Caicedonia,2002-01-01,0.0,0.0,0.0,0.0,0.5,0.3,5.4,6.0,2.0,2.0,0.0,0.0,2.3,2.6,2.0,1.8
Candelaria,2002-01-01,0.0,0.0,0.0,0.0,0.0,0.0,4.0,4.0,0.0,0.0,4.0,4.0,2.0,2.0,0.0,0.0
Cartago,2002-01-01,3.8,0.0,0.0,0.0,0.78,0.78,4.75,5.0,1.2,1.2,5.5,4.0,2.3,2.1,0.0,0.0
Dagua,2002-01-01,0.0,0.0,0.0,0.0,0.8,0.8,0.0,0.0,1.1,1.1,0.0,0.0,0.0,0.0,0.0,0.0
DariÃ©n,2002-01-01,0.0,0.0,0.0,0.0,0.25,1.0,0.0,0.0,0.57,1.0,0.0,0.0,0.0,0.0,0.0,0.0
El Aguila,2002-01-01,0.0,0.0,0.0,0.0,0.62,0.562,0.0,0.0,1.1,1.186,0.0,0.0,0.0,0.0,2.3,0.0
El Cairo,2002-01-01,0.0,0.0,0.0,0.0,0.473,0.579,0.0,0.0,1.481,1.573,0.0,0.0,0.0,0.0,0.0,0.0
El Cerrito,2002-01-01,3.8,0.0,6.0,6.0,1.0,1.0,5.0,8.0,0.0,0.0,5.0,5.0,3.0,3.0,0.0,0.0
El Dovio,2002-01-01,0.0,0.0,0.0,0.0,0.8,0.96,0.0,0.0,1.3,1.779,0.0,0.0,0.0,0.0,0.0,0.0
Florida,2002-01-01,0.0,0.0,0.0,0.0,1.2,1.2,6.0,6.0,1.8,0.0025,3.5,3.5,2.0,0.0,2.0,2.0
Ginebra,2002-01-01,0.0,0.0,6.0,6.0,1.2,1.2,5.3,5.3,1.4,1.4,4.5,4.5,2.3,2.3,0.0,0.0
GuacarÃ­,2002-01-01,2.9,0.0,0.0,0.0,0.9,0.9,5.0,5.0,1.4,1.14,3.5,3.5,2.0,2.0,1.8,1.8
JamundÃ­,2002-01-01,0.0,0.0,6.0,6.0,0.7,0.7,4.9,4.9,1.2,1.2,4.5,4.5,2.3,2.3,0.0,0.0
La Cumbre,2002-01-01,0.0,0.0,0.0,0.0,1.1,1.1,0.0,0.0,1.6,1.6,0.0,0.0,0.0,0.0,0.0,0.0
La UniÃ³n,2002-01-01,2.5,0.0,0.0,0.0,0.0,0.0,5.5,5.5,0.0,0.0,4.5,4.5,2.5,2.5,0.0,0.0
La Victoria,2002-01-01,3.5,0.0,0.0,0.0,0.8,0.8,4.5,4.5,1.0,1.0,4.5,4.5,2.5,2.5,0.0,0.0
Obando,2002-01-01,2.8,0.0,0.0,0.0,0.6,0.6,5.4,5.4,0.8,0.8,0.0,4.0,2.1,2.1,0.0,0.0
Palmira,2002-01-01,3.8,0.0,0.0,0.0,1.6,0.75,7.0,0.0,0.0,1.4,4.6,4.5,2.0,2.5,2.5,2.2
Pradera,2002-01-01,0.0,0.0,0.0,0.0,0.78,0.78,4.5,4.5,1.4,1.4,4.0,4.0,2.0,2.0,0.0,0.0
Restrepo,2002-01-01,0.0,0.0,0.0,0.0,0.6,0.8,0.0,0.0,1.2,1.2,0.0,0.0,0.0,0.0,0.0,0.0
RiofrÃ­o,2002-01-01,0.0,0.0,0.0,0.0,1.0,1.0,0.0,0.0,1.2,1.3,0.0,0.0,2.0,2.0,0.0,0.0
Roldanillo,2002-01-01,3.6,0.0,0.0,0.0,0.8,0.8,4.4,4.4,1.8,1.8,4.6,4.6,2.2,0.0,2.1,2.1
San Pedro,2002-01-01,0.0,0.0,0.0,0.0,0.8,0.75,5.5,5.5,1.2,1.2,4.5,4.5,2.1,0.0,0.0,0.0
Sevilla,2002-01-01,0.0,0.0,0.0,0.0,0.0,0.0,0.0,0.0,0.0,0.0,0.0,0.0,0.0,0.0,0.0,0.0
Toro,2002-01-01,3.5,0.0,0.0,0.0,0.8,0.8,5.0,5.0,2.0,2.0,5.0,5.0,2.5,2.5,2.0,2.0
Trujillo,2002-01-01,3.0,0.0,0.0,0.0,0.85,0.85,6.0,6.0,1.4,1.4,0.0,4.5,0.0,2.2,0.0,0.0
TuluÃ¡,2002-01-01,3.6,0.0,6.0,0.0,0.8,0.8,6.0,6.0,1.4,1.1,4.5,4.5,2.3,2.3,2.0,2.0
Ulloa,2002-01-01,0.0,0.0,0.0,0.0,0.0,0.54,0.0,0.0,3.0,2.5,0.0,0.0,0.0,0.0,0.0,0.0
Versalles,2002-01-01,0.0,0.0,0.0,0.0,0.5,0.985,0.0,0.0,1.7,1.4,0.0,0.0,0.0,0.0,0.0,0.0
Vijes,2002-01-01,3.7,0.0,0.0,0.0,0.7,0.7,0.0,0.0,1.5,1.5,4.4,4.4,0.0,0.0,0.0,0.0
Yotoco,2002-01-01,3.7,0.0,6.0,6.0,0.8,0.8,5.0,4.2,2.0,2.0,0.0,0.0,2.2,2.2,0.0,0.0
Yumbo,2002-01-01,3.6,0.0,0.0,0.0,0.65,0.65,5.7,5.7,2.3,2.3,4.5,4.5,2.0,2.0,0.0,0.0
Zarzal,2002-01-01,3.8,0.0,0.0,0.0,0.0,0.0,3.5,5.0,0.0,0.0,3.8,3.5,3.3,2.5,0.0,2.5
AlcalÃ¡,2001-01-01,,0.0,0.0,0.0,0.8,0.8,,,2.5,2.5,,,,,0.0,0.0
Argelia,2001-01-01,,0.0,0.0,0.0,0.5,0.5,,,1.0,1.0,,,,,0.0,0.0
Buenaventura,2001-01-01,,0.0,2.5,2.5,0.0,0.0,,,0.7,0.7,,,,,0.0,0.0
Buga,2001-01-01,3.0,0.0,6.0,6.0,1.1,1.2,5.5,5.5,2.3,2.3,4.5,4.2,2.5,2.5,0.0,0.0
Caicedonia,2001-01-01,,0.0,0.0,0.0,0.3,0.3,5.42,5.42,2.0,2.0,,,2.25,2.25,2.0,0.0
Candelaria,2001-01-01,,0.0,0.0,0.0,0.0,0.0,5.4,5.4,0.0,0.0,4.5,4.3,2.2,2.2,0.0,0.0
Cartago,2001-01-01,,0.0,0.0,0.0,0.78,0.78,6.0,6.0,1.2,1.2,4.55,4.55,2.35,2.35,0.0,0.0
Dagua,2001-01-01,,0.0,0.0,0.0,0.6,0.5,,,2.5,2.5,,,,,0.0,0.0
DariÃ©n,2001-01-01,,0.0,0.0,0.0,1.2,1.0,,,1.0,1.0,,,,,0.0,0.0
El Aguila,2001-01-01,,0.0,0.0,0.0,0.6,0.6,,,1.3,1.2,,,,,2.3,2.3
El Cairo,2001-01-01,,0.0,0.0,0.0,0.411,0.659,,,0.618,1.952,,,,,0.0,0.0
El Cerrito,2001-01-01,,0.0,6.0,6.0,0.9,0.9,5.0,5.0,0.0,0.0,5.0,4.5,,,0.0,0.0
El Dovio,2001-01-01,,0.0,0.0,0.0,0.45,0.3,,,1.3,1.3,,,,,0.0,0.0
Ginebra,2001-01-01,,0.0,6.0,6.0,1.0,1.0,5.3,5.3,2.0,2.0,4.55,4.4,2.5,2.5,0.0,0.0
GuacarÃ­,2001-01-01,2.85,0.0,5.5,6.0,0.9,0.9,5.4,5.4,1.14,2.0,4.4,4.4,2.4,2.4,1.7,1.7
JamundÃ­,2001-01-01,,0.0,6.0,6.0,0.7,0.7,4.9,4.9,1.2,1.2,4.5,4.5,2.3,2.3,0.0,0.0
La Cumbre,2001-01-01,,0.0,0.0,0.0,1.1,1.1,,,2.0,1.6,,,,,0.0,0.0
La UniÃ³n,2001-01-01,,0.0,0.0,0.0,0.0,0.0,,,0.0,0.0,4.5,4.4,2.2,2.2,1.6,0.0
La Victoria,2001-01-01,3.0,0.0,0.0,0.0,0.3,0.3,5.3,5.3,0.5,0.5,4.5,4.5,2.2,2.2,2.0,0.0
Restrepo,2001-01-01,,0.0,0.0,0.0,0.6,0.6,,,1.2,1.8,,,,,0.0,0.0
RiofrÃ­o,2001-01-01,,0.0,0.0,0.0,0.6,0.6,,,1.2,1.2,,,2.0,2.0,0.0,0.0
Roldanillo,2001-01-01,3.1,0.0,0.0,0.0,0.8,0.8,5.5,5.5,1.8,1.8,4.55,4.55,2.1,2.1,2.1,2.1
San Pedro,2001-01-01,2.87,0.0,0.0,0.0,0.8,0.75,6.0,6.0,1.7,1.2,4.5,4.5,2.1,2.2,0.0,0.0
Toro,2001-01-01,3.05,0.0,0.0,0.0,0.8,0.4,6.0,6.0,2.0,1.6,4.7,4.7,2.5,2.5,2.0,0.0
Trujillo,2001-01-01,2.9,0.0,0.0,0.0,0.85,0.85,5.6,5.6,2.0,2.0,4.6,,,,0.0,0.0
TuluÃ¡,2001-01-01,,0.0,6.0,6.0,0.8,0.6,6.0,6.0,2.0,1.8,4.5,4.5,2.3,2.3,2.0,2.0
Ulloa,2001-01-01,,0.0,0.0,0.0,0.54,0.8,,,3.0,3.0,,,,,0.0,0.0
Versalles,2001-01-01,,0.0,0.0,0.0,0.52,0.75,,,1.7,1.7,,,,,0.0,0.0
Vijes,2001-01-01,,0.0,0.0,0.0,0.7,0.7,,6.0,1.5,1.5,4.4,4.4,,,0.0,0.0
Yumbo,2001-01-01,,0.0,0.0,0.0,0.65,0.0,5.7,5.7,2.3,2.3,4.45,4.45,,2.3,0.0,0.0
Zarzal,2001-01-01,,0.0,0.0,0.0,0.0,0.0,6.0,6.0,0.0,0.0,4.4,4.4,3.0,3.0,0.0,0.0
Cali,2000-01-01,,,6.0,6.0,0.6,0.6,4.5,,2.28,4.0,4.0,4.0,,,,
AlcalÃ¡,2000-01-01,,,,,0.8,0.8,,,2.5,2.5,,,,,1.8,
Andalucia,2000-01-01,3.0,,6.0,6.5,,,4.25,4.25,2.0,2.0,4.0,4.0,0.0,2.3,,
Ansermanuevo,2000-01-01,,,,,0.6,0.6,4.5,4.5,0.5,,,,,,2.0,
Argelia,2000-01-01,,,,,0.5,0.5,,,2.0,3.5,,,,,,
Bolivar,2000-01-01,1.8,,,,0.8,0.8,5.0,5.0,1.5,1.5,5.2,5.0,3.125,3.125,,
Buenaventura,2000-01-01,,,2.59,2.5,,,,,0.7,0.7,,,,,,
Buga,2000-01-01,2.5,,6.0,6.0,1.0,1.0,6.9,6.9,2.2,2.3,5.7,6.0,2.4,2.5,,
Bugalagrande,2000-01-01,2.4,,2.59,,0.44,0.44,3.5,3.5,2.2,2.2,3.0,3.0,2.2,2.2,,
Caicedonia,2000-01-01,,,,,0.3,0.3,4.0,4.0,2.0,2.0,4.5,,2.6,2.6,2.0,
Candelaria,2000-01-01,,,,,,,5.52,5.49,,,3.7,2.9,1.9,1.8,,
Cartago,2000-01-01,2.8,,,,0.78,0.78,,6.8,1.2,1.2,,4.9,,2.2,,
Dagua,2000-01-01,,,,,0.95,0.95,,,2.5,2.5,,,,,,
DariÃ©n,2000-01-01,,,,,0.65,1.0,,,1.0,1.0,,,,,,
El Aguila,2000-01-01,,,,,0.73,0.6,,,1.2,1.0,,,,,,2.0
El Cairo,2000-01-01,,,,,1.02,0.26,,,0.6,0.46,,,,,,
El Cerrito,2000-01-01,,,6.0,,0.9,0.9,5.0,5.0,,,5.0,,,,,
El Dovio,2000-01-01,,,,,0.4,0.4,,,1.2,1.2,,,,,,
Florida,2000-01-01,,,,,0.81,0.9,5.8,5.5,2.1,2.3,4.0,5.0,2.0,2.1,,1.9
Ginebra,2000-01-01,0.0,,6.0,6.0,0.78,0.78,5.5,5.5,1.5,1.5,4.5,4.5,2.2,2.22,,
GuacarÃ­,2000-01-01,2.3,,5.59,5.5,0.9,0.9,5.0,5.0,2.0,2.0,5.0,5.0,2.2,2.2,,
JamundÃ­,2000-01-01,2.4,,5.59,5.5,0.9,0.9,4.7,4.2,0.0,1.5,3.5,3.5,2.5,2.0,,
La Cumbre,2000-01-01,,,,,0.5,0.5,,,2.0,2.0,,,,,,
La UniÃ³n,2000-01-01,2.2,,,,0.95,0.95,5.5,5.5,0.6,0.6,4.4,4.0,2.5,2.5,2.0,
La Victoria,2000-01-01,1.5,,,,0.3,0.3,4.0,5.0,0.4,0.5,2.0,4.5,1.3,1.8,,
Obando,2000-01-01,2.2,,,,0.6,0.6,5.0,4.5,0.8,0.8,,,2.0,1.8,,
Palmira,2000-01-01,2.1,,5.09,,0.75,0.75,3.5,3.5,,1.65,4.5,4.0,2.2,1.8,2.2,2.2
Pradera,2000-01-01,,,,,1.3,1.3,4.5,4.5,1.4,1.4,4.0,4.0,2.0,2.0,,
Restrepo,2000-01-01,,,,,0.7,0.7,,,1.5,1.5,,,,,,
RiofrÃ­o,2000-01-01,,,,,0.8,0.6,,,1.8,1.2,,,2.2,1.8,,
Roldanillo,2000-01-01,3.0,,,,0.8,0.8,4.4,4.4,1.8,1.8,4.6,4.6,2.2,2.2,2.1,2.1
San Pedro,2000-01-01,2.5,,,,0.8,0.8,5.5,5.7,1.7,1.7,4.5,4.5,,2.0,,
Sevilla,2000-01-01,,,,,,,,,,,,,,,,
Toro,2000-01-01,,,,,0.5,0.5,6.9,6.9,1.1,1.0,5.0,5.0,2.5,2.5,2.0,2.0
Trujillo,2000-01-01,,,,,0.8,0.8,5.0,5.0,2.0,2.0,5.0,5.0,2.0,2.0,,
TuluÃ¡,2000-01-01,,,,6.0,0.8,0.8,5.9,5.9,2.0,2.0,5.0,5.0,2.0,2.0,2.0,2.0
Ulloa,2000-01-01,,,,,0.7,0.7,,,1.5,1.45,,,,,,
Versalles,2000-01-01,,,,,0.78,0.75,,,2.5,3.0,,,,,,
Vijes,2000-01-01,,,,5.0,0.7,0.7,5.7,6.5,0.8,0.8,4.5,,,,,
Yotoco,2000-01-01,,,,,0.8,0.75,5.0,5.0,1.7,,0.0,,2.0,,,
Yumbo,2000-01-01,2.1,,,,0.65,0.65,6.0,6.0,2.3,2.3,5.0,5.0,2.0,2.0,,
Zarzal,2000-01-01,1.5,,,,,,3.4,3.1,,,3.2,3.5,3.0,3.2,,
